Date / Time,City,State,Shape,Duration,Summary,Posted
9/14/2017 6:00:00,Pearl Harbor,HI,Light,4 seconds,3 bright white lights not moving in sky then vanishes.,9/21/2017
9/6/2017 19:00:00,Nanakuli,HI,Light,20 minutes,A 20 deg. wide deep blue shaft of light from the horizon to the zenith just after sunset lasting 20 minutes. ((anonymous report)),9/12/2017
8/7/2017 20:49:00,Kapaa,HI,Sphere,60 seconds,Large pinkish orb just beneath the Full Moon,8/11/2017
7/31/2017 7:21:00,Kapaa,HI,Other,5 seconds,"Craft was very shiny and was mimicking a commercial jet with a tail, wings and fuselage. Suddenly disappeared.",8/4/2017
4/29/2017 3:00:00,Kealakekua,HI,Light,60 minutes,I suddenly woke up at 3 am and looked out my window of the Airbnb house about 1500 ft above sea level. Windows equipped with screens ar,6/2/2017
4/16/2017 0:38:00,Honolulu,HI,Circle,30 seconds,Saw a bright red light that looked like a helicopter at first but as it got closer it was flying too low. ((anonymous report)),4/20/2017
4/11/2017 20:20:00,Hana,HI,Light,5 seconds,couple of star like lights moving across dark Maui sky,4/13/2017
2/19/2017 17:59:00,Waimea Canyon,HI,Unknown,1,I was hiking the Waimea canyon with two friends. I was making burst shoots pictures of my friend. On the last picture there is an objec,2/22/2017
2/12/2017 21:30:00,Mokuliea,HI,Changing,20 minutes,UFO. ((NUFORC Note: Sighting of Venus? PD)),2/17/2017
2/2/2017 19:00:00,Kailua,HI,Light,60 minutes,"Bright light morphed into 2 lights, morphed back into 1, moved, then disappeared. ((anonymous report))",2/10/2017
12/27/2016 19:30:00,Waianae,HI,Sphere,5 minutes,They were hovering over the ocean close to shore I was in my car traveling west and the seem to move in sink with each other I have ne,12/30/2016
12/18/2016 21:15:00,Honolulu,HI,Light,5 minutes,I observed what appeared to be 7-10 red lights in the shape of an egg moving West to East over Honolulu and Waikiki. It paused twice an,12/21/2016
12/17/2016 20:00:00,Kahana,HI,Fireball,4 seconds,Fireball 4 seconds in duration coming from the ocean in Kahana Maui going west to east. ((anonymous report)),12/21/2016
12/17/2016 19:53:00,Waipio,HI,Circle,2-3 seconds,"Single greenish-blue sphere seen on the Island of Oahu, Hawaii.",12/21/2016
12/10/2016 18:30:00,Lahaina,HI,Rectangle,3 minutes,"White/blue bright object travelling west @ 6:30 pm over Pacific Ocean in Lahaina, HI.",12/15/2016
12/7/2016 22:50:00,Napili,HI,Fireball,10 second,Large bright fireball.,12/15/2016
11/27/2016 11:30:00,Maui (in-flight; off coast of),HI,,2 minutes,Two brown metal pipes side by side in cloud that did not move.,12/5/2016
11/21/2016 3:30:00,Honolulu,HI,Other,15-20 minutes,I observed red-orange orb lights floating on my back lanai at 3:30 am.,12/15/2016
10/23/2016 18:30:00,Honolulu,HI,Light,1-2 minutes,"Red lights, flying away, stopping, hovering and flying backwards",10/27/2016
9/30/2016 21:34:00,Honolulu,HI,Rectangle,4 minutes,"While walking at Ala Moana Beach park, other evening. We observed A bright reddish object floating and drifting in the skies, out ove",10/11/2016
9/17/2016 19:00:00,Lahaina,HI,Light,1 minute,Steady bright red light moving at high speed over Royal Lahaina Resort,9/22/2016
9/14/2016 18:00:00,Kapaa,HI,Unknown,10 minutes,"Stange green ""thing""; shows up in series of photos. ((NUFORC Note: Possible lens flares? PD))",9/30/2016
8/12/2016 2:15:00,Kaunakakai,HI,Formation,30 minutes,"Fleet of slow moving, flashing, soft white lights. The light in the front was a huge circular lighted craft. The 4 small crafts behind",8/16/2016
8/12/2016 1:45:00,Kaimuki,HI,Light,2-3 minutes,Small light moving very erratically in all directions. Meteor shower was happening at the same time. ((anonymous report)),8/16/2016
8/9/2016 21:50:00,Pearl City,HI,Triangle,1 minute,Triangle aircraft with a bright red marker light blinking.,8/16/2016
7/30/2016 3:10:00,Haleiwa,HI,Circle,10 minutes,Green Glowing object shot off at very fast speed,8/2/2016
7/10/2016 1:56:00,Kihei,HI,Triangle,90 minutes,"I just came inside and its 3:32am now. @ ~1:56 am, I woke up to let my dogs out and I noticed a bright triangle shaped orange light.",7/15/2016
7/3/2016 21:18:00,Honolulu,HI,Light,3-4 seconds,White light moving very fast makes right angle turn.,7/15/2016
7/2/2016 21:00:00,Kawaihae,HI,Light,20 seconds,"A bright green light, like a giant traffic light, lit up for 2 seconds, twice in 20 second illuminating five miles of mountain range.",7/8/2016
6/30/2016 23:00:00,Kihei,HI,Circle,5 minutes,Daughter and I were talking our telescope outside @ ~11pm when we were mystified by this gliding stream of orange and yellow lights.,7/8/2016
4/25/2016 20:00:00,Kapaa,HI,Light,,Flashing Lights in the sky.,5/6/2016
3/5/2016 21:00:00,Kailua,HI,Light,15 seconds,"Two lights moving upward together, blinking then disappearing.",3/18/2016
3/4/2016 5:58:00,Kalaheo,HI,Rectangle,2 minutes,"At approximately 5:58 AM on the morning of March 4, 2016, while looking out my window, facing East South East, at about 45 to 50 degree",3/11/2016
2/13/2016 5:47:00,Wheeler AAF,HI,Light,2 seconds,Seen 2 white orbs appeared to be bouncing off each other.,2/19/2016
1/30/2016 2:00:00,Naalehu,HI,Sphere,90 seconds,"Orange/Bright White Seeming Metallic Ball(40 ft diameter) Seen Descending Near South Point, Hawaii",5/6/2016
1/27/2016 19:30:00,Keaau,HI,Circle,3 minutes,Horizontal flying bright white lite that turns bright red and disappears.,1/29/2016
1/23/2016 1:00:00,Honolulu,HI,,2 seconds,Green-blue streak over nightime ocean.,1/29/2016
1/7/2016 0:00:00,Honolulu,HI,Light,20,"((HOAX??)) Objects looked like low descending meteors, until they started dramatically changing paths in various zig-zag formations.",1/8/2016
1/4/2016 3:00:00,North Shore,HI,Light,10 minutes,USO pipeline surfcam.,1/5/2016
11/14/2015 22:45:00,Kaunakakai,HI,Other,ongoing,"Continuous ""flashing"" light in space…",11/19/2015
11/7/2015 22:48:00,Manoa Hills,HI,Light,20 seconds,3 second bright flash in the sky with streaks coming from the sides of it lasting 20 seconds.,11/12/2015
11/7/2015 20:15:00,Honolulu,HI,Light,2 seconds,"Solid unidentified Light streaking across the skies, high-speed, leaving a trail before disappearing.",11/19/2015
10/27/2015 1:00:00,Honolulu,HI,Formation,0.06111111111,Breaking the sound barrier in line formation for individual cylinder flashing light objects,10/29/2015
10/23/2015 20:20:00,Aiea,HI,Triangle,1 minute,"Three red lights in triangle formation up in the sky, a little to the right of the direction I was headed in while driving from Pearl C",10/29/2015
10/22/2015 21:45:00,Honolulu,HI,Unknown,5 seconds,Light disappeared.,10/29/2015
10/16/2015 23:15:00,Lanai,HI,Light,25 minutes,String of lights hover along the coast of Lanai,10/29/2015
10/15/2015 23:00:00,Keaau,HI,,3 minutes,Two orange lights travel north to south over Hawaii island on 10-15-15,12/3/2015
10/10/2015 21:25:00,Koloa,HI,Unknown,20 minutes,A string of 8-10 red and white lighted objects that toggled from bright to dim. Seen by husband & wife,10/16/2015
10/9/2015 8:01:00,Kailua,HI,Triangle,15 seconds,"The object came down extremely fast, then shot off into the distant horizon. When it left it made a deep bass rumble.",10/16/2015
9/30/2015 23:15:00,Honolulu,HI,Light,2 minutes,Ball of light.,10/2/2015
9/9/2015 0:20:00,Schofield Barracks,HI,Fireball,10 minutes,Saw 5 individual balls of light. They fell slowly from roughly 100 feet up. They lit up the sky like a fire. The last two fell simultan,9/11/2015
8/30/2015 23:05:00,Hilo,HI,Teardrop,1 minute,"Fireball w/ tail, moving sideways across sky, then breaking into many pieces. ((NUFORC Note: Satellite re-entry. PD))",9/2/2015
8/30/2015 23:00:00,Ocean View,HI,Fireball,10 seconds,6 Fireballs with long tails seen over the Hawaiian Islands. Watched for 10 seconds. ((NUFORC Note: Satellite re-entry. PD)),9/2/2015
8/18/2015 8:14:00,Hilo,HI,Unknown,7 minutes,"((NUFORC Note: No information is provided by witness, who elects to remain totally anonymous. PD))",8/27/2015
7/29/2015 20:20:00,Honolulu,HI,Other,~20 seconds,"Moving yellow-orange orb seen by myself for about 20 seconds before passing behind cloud, have tech background to r/o normal objects",9/2/2015
7/11/2015 3:30:00,Oahu,HI,Light,,Five to six bright lights seen west coast off Oahu.,7/17/2015
6/11/2015 1:06:00,Molokai (above),HI,Formation,1 hour,Spheres over the Hawaiian Islands.,6/15/2015
3/22/2015 20:15:00,Keaau,HI,Rectangle,23 seconds,Rectangle shaped bright light in the sky. ((NUFORC Note: Possibly Venus?? PD)),3/26/2015
3/17/2015 5:00:00,Hilo,HI,Unknown,30 minutes,"Witnessed lights in the NE sky from Hilo, HI., that moved rapidly and erratically for about 30 min. ((NUFORC Note: Star?? PD))",3/20/2015
3/8/2015 19:55:00,Wahiawa,HI,Flash,3 minutes,Bright blinking light over Hawaii.,3/13/2015
1/31/2015 19:27:00,Waimea,HI,Light,23 seconds,Lighted object near NE coast of Hawaii.,2/6/2015
1/23/2015 2:30:00,Ocean View,HI,Sphere,2 hours,"Bright Color changing Erratically flying object in the Western Sky. ((NUFORC Note: Possibly a planet, or star?? PD))",1/26/2015
1/17/2015 22:00:00,Kihei,HI,Fireball,5 minutes,"3 orange flickering balls hovered across the sky over the ocean off the Kihei, HI, coast.",1/26/2015
1/12/2015 20:15:00,Wailua,HI,Light,1 minutes,Two lights that looked like brighter then average stars moving in unison then disappearing.,1/26/2015
1/1/2015 18:32:00,Kaunakakai,HI,Light,45 minutes,Witnessed a large bright ball of light off the south ocean horizon of Moloka'i for 30 minutes. It was not a star or plane. It flashed y,1/7/2015
1/1/2015 5:45:00,Kailua Kona,HI,Disk,2 minutes,UFO spotted by four on New Years Day at Makalawena Beach on the Big Island of Hawaii,1/7/2015
12/31/2014 23:59:00,Wailuku,HI,Circle,20 minutes,Exactly one year to the date more red orange floating objects.,1/7/2015
12/31/2014 0:00:00,Waimanalo,HI,Sphere,5+ minutes,"Orange/yellow (mostly orange) spheres popping out of the sky direction of Waimanalo Beach Park, Hawaii",1/7/2015
12/12/2014 20:00:00,Kailua (Kona),HI,Circle,1 minute,I was watching tv with my husband and saw a circular item in the sky fly very low and very fast past our house. I said &quot;what the h,12/18/2014
11/20/2014 17:00:00,Honolulu,HI,Light,2 hours,There is a bright white lighted object flying erratically above the Koko head shooting range. I filmed over an hour of footage. The lig,11/21/2014
11/14/2014 6:00:00,Honolulu,HI,Fireball,5 seconds,Two fire balls flying parallel to one another leaving a long streak of light.,11/14/2014
11/7/2014 21:00:00,Honolulu,HI,Light,6-8 seconds,"In Waikiki, two separate bright green lights 100 feet off ground, moving at great speed toward ground.",11/14/2014
10/31/2014 11:45:00,Honolulu,HI,Triangle,1.5 hours +,"Bright blue triangular outline, oscillating yellow/orange/green lights along the outline over NE skies of honolulu",11/6/2014
10/30/2014 22:15:00,Hakalau,HI,Light,45 minutes,"Pulsating light, changing colors, moving erratically.",11/6/2014
10/27/2014 11:20:00,Kapahi,HI,Unknown,4 seconds,Under brilliant illumination that was much brighter than any flair I have seen.,11/6/2014
10/12/2014 0:00:00,Haleakala / Kahului,HI,Light,14,Light over Haleakala.,11/6/2014
10/5/2014 0:25:00,Honolulu,HI,Light,20 minutes,Blue and Red lights flying erratically in the air over Tantalus.,10/10/2014
9/27/2014 20:00:00,Pukalani,HI,Circle,1-2 minutes,"Bright white arc flash of light immediately followed by a silent large bright yellow circular light above old pineapple fields 9/27/14,",10/3/2014
9/24/2014 3:30:00,Kapaa,HI,Light,10 minutes,Massive light rising up from Anahola mountain.,10/3/2014
9/23/2014 4:40:00,Wailuku,HI,Changing,20 minutes,Perfect semi-circle band of clouds on eastern maui over ocean,10/3/2014
9/23/2014 4:37:00,Haleakala National Park,HI,Sphere,5 / 30 minutes,"White, translucent sphere seen on the road up Haleakala Crater, Maui, Hawaii",9/25/2014
9/23/2014 4:35:00,Haleakala National Park,HI,,5 minutes,Bright white dome-shaped light seen at pre-dawn on summit of Haleakala on Maui.,10/10/2014
9/23/2014 4:30:00,Hawaii Kai (Honolulu),HI,Other,5 minutes,White moving halo.,10/3/2014
9/17/2014 22:10:00,Kailua,HI,Circle,10 minutes,"A round red soft ball size with no sound at three stories high coming from the north-east slowly gliding above Pu'naa Street, Kailua, H",9/18/2014
9/11/2014 19:45:00,Hana,HI,Circle,5 minutes,One white non biking light coming south to north very very high up and moving quite fast past a few stars in just minutes and became to,9/18/2014
9/2/2014 2:00:00,Kapaa,HI,Unknown,4 hours,"Kauai 3, UFO sighted. Donkey Beach, Kapaa, HI.",6/15/2015
9/1/2014 4:30:00,Kihei,HI,Light,1.5 hours,Erratic white lights in conjunction with space debris and commercial airlines.,9/5/2014
8/31/2014 3:20:00,Kapolei,HI,Light,3 seconds,Bright green light drops from middle of sky and disappears in seconds. ((NUFORC Note: Possible meteor?? PD)),9/18/2014
8/28/2014 19:00:00,Opihikao,HI,Light,40 seconds,Looked like a very bright white shooting star that took about 40 seconds to leave our sight going straight north to south on a very cle,8/29/2014
8/27/2014 21:52:00,Kahuku,HI,Light,2 minutes,"Saw a bright light, very high up, going up and down, stopping, zig zagging, and dissapearing upward",8/29/2014
8/18/2014 20:25:00,Waialua,HI,Light,30 seconds,Three stationary and hovering bright lights appearing and then disappearing about half mile from us.,8/29/2014
8/17/2014 5:52:00,Wahiawa,HI,Light,UNK,Two large lights very high in the air off the northeast coast of Oahu.,8/22/2014
8/17/2014 5:30:00,Kehei,HI,Light,2 minutes,1 object with 4-5 white lights (different sizes) with one red blinking light in middle - moving quickly from side to side/up and down.,8/22/2014
8/13/2014 20:42:00,Wailua,HI,Light,20 seconds,2 bright orange lights chasing as if leapfrogging in the sky.,8/15/2014
8/6/2014 19:30:00,Waianae,HI,Light,30-40 minutes,"Right after the sunset approx. 7:10pm near Yokahama Bay on the Waianae Coast, on the island of Oahu in Hawai`i, I noticed bright.",8/8/2014
8/5/2014 20:35:00,Aiea,HI,Light,30 minutes,"Green light moving extremely fast covering huge distances. Dropping, going side to side, and elevating with extreme speed and random.",8/8/2014
7/30/2014 23:27:00,Kaneoeh,HI,Other,1 minute,"Brilliant orange/red, large as the moon object flying(?) parallel to earth at a constant speed with non-erratic movement.",8/1/2014
7/28/2014 20:00:00,Makaha,HI,Disk,10 seconds,Bright white disc shaped zig -zagged out of sight towards Kaena Point.,9/5/2014
6/24/2014 21:45:00,Lahaina,HI,Light,1 minute,A light in the sky that looked very much like Mars,6/27/2014
6/12/2014 5:50:00,Honolulu,HI,Disk,split second,Smart Phone captures strange circular object in the sky. ((NUFORC Note: Possible decal on windshield?? PD)),6/13/2014
5/30/2014 19:30:00,Kihei,HI,Light,2 minutes,"Saw a light brighter than a star and slightly larger. It appeared low on the W hor., between Kihei and Lanai over the water.",6/4/2014
5/29/2014 10:01:00,Honolulu,HI,Cone,found on picture,Multiple flying pictures found in graduation photos.,6/4/2014
5/20/2014 20:00:00,Wailuku,HI,Fireball,10 minutes,"We were driving N, when we saw 2 very bright v shaped fireballs merge, and then disappeared. ((NUFORC Note: Rocket launch. PD))",6/4/2014
5/20/2014 19:50:00,Wailea,HI,Other,15 minutes,"Missile type object, brilliant white straight light shot up into atmos. at approx. 19:40pm ((NUFORC Note: Rocket launch. PD))",6/4/2014
5/20/2014 19:35:00,Maui,HI,Light,10 minutes,"News channel lights with trails link forwarded. ((NUFORC Note: Probable launch of an ""Aegis"" anti-missile rocket at 19:35 hrs.. PD))",6/4/2014
5/20/2014 19:30:00,Lahaiiina,HI,Light,30 minutes,"Unusual light formation, cross crossing sky, random pattern. Never saw anything like it before. ((NUFORC Note: Rocket launch. PD))",6/4/2014
5/20/2014 19:30:00,Waianae,HI,Formation,unknown,"Strange lights in Makaha skies. ((NUFORC Note: Probable launch of an ""Aegis"" anti-missile rocket at 19:35 hrs.. PD))",6/4/2014
5/20/2014 19:00:00,Mililani,HI,Light,10 minutes,"Three orange lights south/west Hawaiian isles. ((NUFORC Note: Related to missile launch, conducted at 19:35 hrs.? PD))",6/4/2014
5/20/2014 18:30:00,Lahaina,HI,Unknown,30 minutes,Happened around 630 pm Hawaii time.i work at a restaraunt and everyone started yelling look at the sky and we had all see like a lighti,6/4/2014
5/20/2014 4:00:00,Honokaa,HI,Light,Ongoing,"Bright ball of light off the honokaa/hamakua coast, Hawaii.",6/4/2014
5/16/2014 21:30:00,Honolulu,HI,Unknown,2 minutes,Two craft seen by diamond head/kahala honolulu,6/4/2014
5/10/2014 1:00:00,Ewa Beach,HI,Light,5 minutes,Red light hovering low over housing area then slowly rose to clouds then shot into the sky at a super fast speed,6/4/2014
5/7/2014 3:00:00,Honolulu,HI,Light,2-4 seconds,Thought it was a shooting star until it zig-zagged before disappearing,6/4/2014
5/5/2014 19:30:00,Honolulu,HI,Changing,2 minutes,Red light with bluish green light around it. Moving unlike any aircraft we have. Changed colors. No sound and hovered very low in kalih,5/8/2014
5/3/2014 19:55:00,Waikiki Beach,HI,Light,1 minute,Red and green object flying around right after fireworks.,5/8/2014
5/1/2014 15:30:00,Honolulu,HI,Other,5 seconds,My First UFO Sighting?,5/2/2014
4/23/2014 21:16:00,Waipahu,HI,Sphere,,"Red sphere in night sky, flashes consecutive red/green lights at witness.",1/30/2015
4/1/2014 22:00:00,Hakalau,HI,Fireball,3+ hours,Over 30 UFOs hovering/flying above Big Island.,4/4/2014
3/4/2014 21:00:00,Kaimuki,HI,Oval,6 minutes,"Oval ufo above Kaimuki Hawaii, sporting a red light with flashing green around it making un-real maneuvers.",3/18/2014
3/3/2014 18:15:00,Honolulu,HI,Light,<2 minutes,Two circular lights seen in a clear sky around 18:15pm when driving Hawaii Kai bound on Kalanainanaole Highway in Honolulu tonight,3/18/2014
2/25/2014 20:30:00,Kailua Kona,HI,Cylinder,2 hours,"Looks like a multi-colored bright colored flickering orb about 1,000' high S of Kailua Kona. ((NUFORC Note: Sirius confirmed. PD))",2/27/2014
2/22/2014 5:30:00,Wahiawa,HI,Light,Continuous,Non moving formation of lights over Waianae Mountains.,3/6/2015
2/18/2014 6:20:00,Lihue,HI,Diamond,20 minutes,Orb with lights.,2/21/2014
2/9/2014 21:35:00,Lahaina,HI,Light,4 minutes,"Two constant, non-flashing, red lights separated by 30 degrees tracked in tandem W to E at altitude of 4000+'.",2/14/2014
2/8/2014 8:12:00,Haiku,HI,Light,30 seconds,Formation of three amber in color until 90 degree turn then red in color and very high speed to horizon.,2/14/2014
2/5/2014 21:12:00,Wahiawa,HI,Circle,0.4,One Bright Red Fire Looking Round Light with Seven Smaller White Lights Following In Weird Pattern Moving West (Hawaii),2/7/2014
1/31/2014 20:30:00,Kaanapali,HI,Fireball,2 minutes,Orange fireball witnessed by 4 adults moving north at a constant speed between Maui and Lanai.,2/7/2014
1/24/2014 19:55:00,Honolulu,HI,Light,5 minutes,"Small red light, first stationery then in fast motion over Waikiki observed from Ala Wai harbor.",1/30/2014
1/23/2014 22:40:00,Kailua Kona,HI,Circle,10 minutes,Flashing blue light over Kailua Kona Hawaii.,1/26/2015
1/19/2014 17:05:00,Honolulu,HI,Cigar,10 seconds or less,"See above. ((NUFORC Note: The photos of interest show tiny, blurry objects. We suspect they are birds in flight. PD))",1/24/2014
1/15/2014 19:30:00,Kihei,HI,Circle,4 minutes,"An orange hovering light moving very slowly, occasionally hovering, then moving north very fast.",1/16/2014
1/15/2014 3:30:00,Paia,HI,Sphere,2 minutes,On 1/15/14 I Saw a golden sphere shaped object hovering over the water on the North Shore at 3:30am.,1/24/2014
1/15/2014 0:00:00,Kealia,HI,Fireball,20 minutes,Fireball w- chinese laturns and parade of triangles.,1/24/2014
1/14/2014 20:50:00,Waimanalo,HI,Fireball,5 seconds,I saw an orange fireball with flames trailing as it shot diagonally across the sky and disappeared behind the nearby mountain range.,1/16/2014
1/10/2014 22:58:00,Kaneohe,HI,Fireball,90 seconds,A silent red ball of light traveled off the pacific ocean from the east to the south below the clouds for about 90 seconds.,1/16/2014
12/31/2013 23:50:00,Kihei,HI,Circle,10 seconds,"Orange orb traveling in a straight line with a SE dir.. Happened above Kihei, HI, just before new year. Object disappeared.",1/10/2014
12/31/2013 22:00:00,Waelo,HI,Light,15 minutes,"Flashing and shifting lights in the sky on a very clear night, not heat lightning.",1/10/2014
12/31/2013 21:00:00,Pukalani,HI,Sphere,10 minutes,Orange Ball Over Maui.,1/10/2014
12/29/2013 17:30:00,Kailua Kona,HI,Light,15 minutes,Light craft hovering over coast of Kona Hawaii I would say west above La'aloa beach park...,1/10/2014
12/23/2013 21:58:00,Kipahulu,HI,Cylinder,3 minutes,"Red/orange object streaks, then floats for three minutes across the sky.",1/10/2014
12/21/2013 4:15:00,Kihei,HI,Sphere,5 minutes,"Silent orb w/white-blue central light w/numerous encircling red lights in a translucent green glowing bubble, flew, hovered, descended.",12/23/2013
12/18/2013 22:15:00,Kihei,HI,Fireball,5-7 minutes,"5 ORANGE GLOWING ORBS LOOKING OF FIRE, IN PERFECT FORMATION, LASTING FOR SEVERAL MINUTES.",1/10/2014
12/16/2013 23:00:00,Hilo,HI,Oval,5 minutes,Flame like object slowly floating 50 feet above us never falling shifted directions.,12/23/2013
12/6/2013 19:30:00,Wailuku,HI,Light,30 minutes,Large white light that changed speed and direction viewed over land wailuku maui.,1/10/2014
12/6/2013 19:00:00,Aiea,HI,Circle,2-3 minutes,"Orb On Oahu, Hawaii Friday December 6th About 1900hrs seen going East and West Then Military Follow.",12/12/2013
11/21/2013 11:00:00,Honolulu,HI,Sphere,5 minutes,Orbs dropping larger orbs into the ocean.,12/5/2013
11/9/2013 19:00:00,Waikoloa,HI,Light,2 hours,Huge orange/white ball of light with mini lights speeding by it and exiting it. ((NUFORC Note: Sighting of Venus? PD)),11/11/2013
11/7/2013 22:00:00,Poipu,HI,Fireball,2 minutes,Husband and wife on vacation. Went outside to look at the moon and saw what I thought was an airplane. Realized it was traveling too sl,11/11/2013
11/5/2013 6:20:00,Lahaina,HI,Flash,3 seconds,Saw a bright flash fall from the sky straight down to the ocean. Witnessed on Maui but object could have been over Oahu.,11/11/2013
11/1/2013 4:30:00,Napili,HI,Fireball,2 minutes,Witnessed a bright orange-red fireball type of object moving from Maui toward Molokai at 4:30 AM.,11/11/2013
10/27/2013 19:30:00,Puna,HI,Rectangle,30 minutes,I definitely could not idetify this flying object.,11/11/2013
10/26/2013 5:00:00,Honolulu,HI,Flash,1 hour,Lightning without thunder and flickering that lightens the black sky to blue.,11/11/2013
10/22/2013 22:15:00,Kaneohe,HI,Oval,8 minutes,"Oval bright red object with yellow flickering light in the middle, moving slowly then stayed still.",11/11/2013
10/5/2013 22:03:00,Kahalu'u,HI,Fireball,2 minutes,Witnessed a stationary orange-red fireball type of object which then moved south toward Ko'olau Mountain range,10/14/2013
10/5/2013 20:00:00,Kaanapali,HI,Fireball,5 minutes,Three orange fire like balls moving across the night sky.,10/14/2013
8/28/2013 20:30:00,Kailua Kona,HI,Light,15 seconds,Bright light moving fast.,9/9/2013
8/28/2013 10:30:00,Kapoho,HI,Light,10 minutes,Slow moving star like light in the sky at 10:30am vanishes.,8/30/2013
8/25/2013 19:30:00,Waikoloa,HI,,1 minutes,High-altitude white flashes.,8/30/2013
8/18/2013 21:40:00,Lahaina,HI,Fireball,2 minutes,"Two seperate events of orange and white fireballs, lacking tails, travel across northern skies of Kaanapali to the South.",8/30/2013
8/17/2013 11:00:00,Hove,HI,Sphere,1,"19.330461,-155.726487 Google Maps satellite asteroid.",8/30/2013
8/13/2013 18:00:00,Wahiawa,HI,Light,1 hour,Glowing and flashing lights over Waianae mountain range near Schofield. ((NUFORC Note: Venus or Arcturus? PD)),9/30/2013
8/13/2013 18:00:00,Wahiawa,HI,Light,1 hour,Glowing and flashing lights over Waianae mountain range near Schofield.,9/30/2013
7/24/2013 21:40:00,Waikiki,HI,Light,1-2 minutes,3 red lights hovering over Waikiki waters.,8/30/2013
7/24/2013 2:00:00,Waianae (Oahu),HI,Light,6 seconds,Very large bright green meteor flew over Makaha valley then out towards the ocean.,7/31/2015
7/4/2013 22:30:00,Mt. View,HI,Light,2 minutes,Bright Red object in the Hawaiian sky.,7/14/2013
7/4/2013 22:30:00,Eden Roc/Big Island,HI,Fireball,~5 minutes,Red light above the waters of Big Island HI.,7/5/2013
7/3/2013 21:30:00,Princeville,HI,Triangle,2-3 minutes,3 lights in the form of a triangle.,7/5/2013
6/29/2013 20:20:00,Mililani,HI,Diamond,10 minutes,Green Christmas tree star shape with red in the middle. Moving across the sky then stops and repeat.,7/3/2013
6/23/2013 0:00:00,Lahaina,HI,Fireball,30 minutes,Glowing fireballs caught on tape over lahaina 6/23/13,7/3/2013
6/22/2013 19:30:00,Waikoloa,HI,Fireball,30 seconds,This was an orange/violet energy ball that moved slowly and then accelerated at a high rate of speed and disappeared into a cloud.,7/3/2013
6/16/2013 17:15:00,Lahaina,HI,Changing,>20 minutes,White-ish/blue lighted sphere that changed to a white triangle over west Maui,7/3/2013
6/15/2013 20:17:00,Kaneohe,HI,Circle,2 minutes,2 unidentified flying objects that moved at a high speed from South to North West far away as the stars.,7/3/2013
5/30/2013 23:00:00,Hawaii Volcano National Park,HI,Light,15 seconds,Erratic moving circular light moving fast in zig zag directions and then shot up fast and disappeared with no sound.,11/20/2013
5/22/2013 21:40:00,Hanalei Beach,HI,Fireball,15 minutes,Three red/orange glowing objects moving upwards like slow moving floating flares.,6/2/2013
5/16/2013 22:49:00,Kihei,HI,Fireball,3 seconds,"A golden fireball in free fall, west of Maui.",6/2/2013
5/16/2013 18:35:00,Honolulu,HI,Egg,<1 minute,"Grey roundish object illuminating in the sky near diamond head, honolulu",6/2/2013
5/2/2013 21:00:00,Honolulu,HI,Other,5 minutes,Jellyfish-like objects sighted above Honolulu sky.,6/2/2013
4/22/2013 22:45:00,Lihue,HI,Light,3 minutes,Falling fading lights,5/15/2013
4/21/2013 21:00:00,Kekaha,HI,Light,30 minutes,Lights kekaha HI on island of Kauai,5/15/2013
4/21/2013 21:00:00,Kekaha,HI,Light,30 minutes,Red lights over Kekaha Hawaii 4-21-2013,5/15/2013
3/15/2013 3:45:00,Maui,HI,Flash,10 seconds,"Driven up the Haleakala National Park there was a flash in the horizon, it lasted for a few seconds and it disappeared.",5/15/2013
3/11/2013 6:15:00,Honolulu,HI,Fireball,5 seconds,Bright fireball steaking over Waikiki.,5/15/2013
2/9/2013 20:00:00,Hana,HI,Fireball,20 minutes,"8-10 firey red and orange flares fly over Hana, HI, toward Haleakala.",2/18/2013
2/1/2013 23:00:00,Hana,HI,,3 seconds,"Odd lights illuminating the clouds, like in the film Close Encounters of the Third Kind.",2/18/2013
1/25/2013 21:17:00,Kaanapali,HI,Circle,5 minutes,4 bright orange orbs soundlessly moving in a northerly direction at a slow place.,2/4/2013
1/1/2013 21:25:00,Honolulu,HI,Fireball,2-3 minutes,Fireball object in downtown Honolulu that changed direction and hovered.,2/4/2013
1/1/2013 18:45:00,Lahaina (Maui),HI,Fireball,90 seconds,Orange white fireball over Lahaina Maui Hawaii,2/4/2013
1/1/2013 1:00:00,Wailuku,HI,Sphere,15 minutes,Red orbs sighted.,2/4/2013
12/31/2012 23:30:00,Waianae,HI,Circle,5 minutes,"Strange hoovering, pulsating red/orange light.",2/4/2013
12/31/2012 2:17:00,Honokaa,HI,Circle,1-2 minutes,A large orange glowing object traveled slowly across the night sky.,2/4/2013
12/29/2012 17:55:00,Wahiawa,HI,Formation,5 minutes,Formation of lights move quickly across the night sky in hawaii.,2/4/2013
12/19/2012 5:00:00,Honokowaii,HI,Circle,15 minutes,"It was bright, silent, it was between white and green. Move erratically sideways and up/down very quickly. I saw it come close",12/20/2012
12/16/2012 1:00:00,Haleiwa,HI,Oval,3 seconds,Bright blue flash in sky 12/16/2012 1:00 am.,12/20/2012
12/12/2012 3:30:00,Wailuku,HI,Fireball,3 seconds,"Fireball. Triangular craft, noiseless, hovering large.",7/3/2013
12/8/2012 0:00:00,Honolulu,HI,Cone,45 seconds,Coned shaped with 3 lights above Koko Head Goes directly over our car.,12/20/2012
11/23/2012 21:00:00,Honolulu,HI,Circle,5 seconds,REALLY FAST GREEN CIRCULAR LIGHT IN THE SKY.,12/20/2012
11/23/2012 19:00:00,Aiea,HI,Light,2 seconds,Light streaked forward in front of me.,12/20/2012
11/19/2012 1:30:00,Laie,HI,Light,5-6 minutes,1 orange spotlight multiplied to 13 gradually and shined on 2 witnesses as they fled.,11/19/2012
10/26/2012 4:00:00,Maui (Peahi/Jaws),HI,Circle,15 minutes,"Orange orb moving sporadic from N-NE direction directly descended below tree line before disappearing at world famou Jaws, Peahi, Maui.",10/30/2012
9/30/2012 19:00:00,Honokowai,HI,Cone,5 hours,During our trip to Maui from Sept.25 to Oct.7 we witness up to 6 cone shaped objects to the west of Maui in differant areas.,10/30/2012
9/12/2012 23:38:00,Honolulu,HI,Light,5 minutes til cloud cover,"Orange/white light appears in sky over Waikiki moving erratically at very high altitude, stationary stars in background.",9/24/2012
8/30/2012 0:00:00,Poipu,HI,Light,0.8125,"Bright star-like light moving across sky, then disappearing out into space",9/24/2012
8/9/2012 23:30:00,Schofield Barracks,HI,Light,25 minutes,"Non-moving object or light, flashing red, blue, green over a mountain range by Schofield",8/19/2012
8/9/2012 21:15:00,Schofield Barracks,HI,Light,10 seconds,Light/object moves through constellation Scorpius and then disappears,8/19/2012
8/4/2012 20:00:00,Ewa Beach,HI,Light,5-15 minutes,Random lights over Ewa Beach.,8/5/2012
8/3/2012 20:25:00,Kihei,HI,Fireball,0.08333333333,"First appeared as a fireball. Then took shape like a bomb, thought we were under attack.",8/5/2012
7/19/2012 20:50:00,Hilo,HI,Light,5 minutes,Green and red lights flying about 300ft off the ground with out sound.,8/5/2012
7/11/2012 0:01:00,Haleiwa,HI,Fireball,2-3 minutes,6 to 8 fireballs over the Pacific off the North Shore of Oahu,8/5/2012
7/4/2012 19:45:00,Lahaina,HI,Fireball,1 minute,Orange orb over Lahaina on July 4th,8/5/2012
6/10/2012 19:50:00,Makawao,HI,Circle,3 seconds,Circular orange glowing fuzzy orb traveling from west Maui mountains towards kihei looking from up country.probably over the ocean.no t,6/14/2012
5/27/2012 20:50:00,Hanalei Bay,HI,Egg,7 minutes,Undulating orange lights over Hanalei Bay,5/29/2012
5/15/2012 1:30:00,"wailea, mckenna, Maui, HI",HI,Diamond,1/16 seconds,"Seen same night as Arizona sighting, diamond shape with bright light beneath.",7/4/2012
4/14/2012 19:30:00,Hailemaile,HI,Cone,W-E,Cone Shaped Multi Colored Object Spotted Off North Shore Maui.,4/18/2012
4/11/2012 23:00:00,Honolulu,HI,Light,5 minutes,"A light appeared within a stationary cloud, finally going out and the cloud dissipated rapidly.",5/13/2012
4/2/2012 22:30:00,Haena,HI,Fireball,4 minutes,"Saw Bright lights in sky over ocean, then two fireballs flying high in sky for few minutes. They were flying at fast speed towards Nap",4/18/2012
4/2/2012 18:20:00,Kahana,HI,Fireball,10 or more mins,Five orange balls over west Maui.,4/18/2012
3/5/2012 20:00:00,Kurtistown,HI,Light,60 seconds,"Falling star stopped above the woods, hovered a moment and went left above the trees by neibor's house",3/13/2012
1/23/2012 19:15:00,Hilo,HI,Oval,2 min,Amber light over Hilo,1/24/2012
1/20/2012 19:15:00,Hanalei Bay,HI,Light,10 minutes,"Undulating Orange lights, changing formation and shape.",1/24/2012
1/12/2012 1:30:00,Kapaa,HI,Oval,1 hour,2 objects seen by the naked eye by 3 different people at the same time.,2/4/2013
1/7/2012 23:45:00,Kihei,HI,Formation,about 10 minutes or less,"Seriously large bright lighted crafts, about 8, in perfect formation over the Kihei sky's tonight.",1/12/2012
1/2/2012 19:10:00,Kihei,HI,Light,2 min,"Bright amber lights seen over Kalama Park in Kiehi, Maui.",1/12/2012
12/28/2011 21:05:00,Lahaina,HI,Circle,30,Round light red circle with scanner like red beaming down,1/12/2012
12/17/2011 18:30:00,Honolulu,HI,Light,78 minutes,Over the last two nights there has beena strange light over Diamonhead that will appear again tomorrow December 19 2011.,1/12/2012
12/17/2011 18:30:00,Honolulu,HI,Light,78 minutes,Strange light off Diamondhead,1/12/2012
10/23/2011 17:50:00,Honolulu,HI,Cylinder,2 minutes,Cylinder hovering over honolulu zoo/waikiki,10/25/2011
10/22/2011 20:05:00,Honolulu,HI,Light,4 minutes,Orange lights above kaimuki hawaii.,10/25/2011
10/14/2011 10:00:00,Honolulu,HI,Triangle,~2 minutes,Two silver triangular craft performing extreme nautical maneuvers in unison high in the air in a blue cloudless sky.,10/19/2011
10/5/2011 20:00:00,Kalaeloa,HI,Diamond,4 minutes,"Strange huge, diamond shaped, noiseless craft over Kalaeloa, HI on 10/05/11 at 20:00hrs.",12/12/2011
9/15/2011 21:00:00,Anahola,HI,Flash,1 minute,Flashing Lights with different colors for 2 minutes like an air fight.,1/12/2012
8/20/2011 21:00:00,Wailuku,HI,Other,1 min.,Strange light occurance,8/21/2011
8/14/2011 22:50:00,Ewa Beach,HI,Circle,2 minutes,Bright celestial object larger than a star,10/10/2011
8/14/2011 19:25:00,Ewa Beach,HI,Unknown,2 or 3 minutes,Weird red orbed flying light,8/21/2011
8/12/2011 6:00:00,Honolulu,HI,Sphere,2 minutes,"bright, fast moving orb over ala moana beach park. ((NUFORC Note: Overflight of ISS at 05:55 hrs., on this date. PD))",8/21/2011
8/9/2011 21:00:00,Honolulu,HI,Unknown,5 Seconds?,Extremely fast green light seen zooming over Honolulu in a south to north direction. ((NUFORC Note: Possible meteor?? PD)),8/21/2011
7/24/2011 21:00:00,Ewa Beach,HI,Circle,10 SECONDS,"Green ball of light, larger than star, shoots across sky at high speed over Ewa Beach HI.",8/7/2011
7/4/2011 22:00:00,Waipahu,HI,Triangle,west,I can't belive i'm seeing this in hawaii.,7/6/2011
7/2/2011 20:20:00,Hilo,HI,Light,30 - 40 mins,"Six star-like moving objects over Hilo, HI.",7/4/2011
6/30/2011 0:00:00,North Shore Oahu,HI,Oval,3 minutes,North Shore Oahu Ball of Fire.,8/30/2013
6/21/2011 21:00:00,Kihei,HI,Other,0.125,"Sudden bangs of sound, went outside and flashing lights. Know it was not 'right.'",6/27/2011
6/4/2011 9:00:00,Kailua-Kona,HI,Other,5 minutes,"Floating man over Kailua-Kona,HI",6/20/2011
2/5/2011 0:30:00,Kaanapali,HI,Circle,2-3 minutes,"Bright red light moved in one direction stopped, changed directions, stopped again, then moved on and disappeared.",7/8/2016
12/31/2010 21:30:00,Poipu Koloa,HI,Light,2 minutes,"Poipu beach, Kauai, Hawaii New Years sighting of two firelike objects in the sky.",1/5/2011
12/31/2010 4:00:00,Honolulu,HI,Light,five minutes,Fast Moving Object Circles Diamond Head Crater Honolulu Hawaii,1/5/2011
12/20/2010 12:00:00,Kahului,HI,Disk,20 mins,but what was funny is that it beamed a light upwards.For about 15 mins everyone was trying to take a pix and no ones camera worked.Some,1/5/2011
12/19/2010 20:18:00,Kahului,HI,Disk,20 minutes,it beamed a light upwards. For about 15 minutes everyone was trying to take a picture and no ones camera worked. Some people thought it,1/5/2011
12/10/2010 20:00:00,Honolulu,HI,Flash,5 seconds,Vertical Falling Object disappears in a flash 100 ft above ground near Boat Harbor in Honolulu Hawaii.,1/5/2011
11/22/2010 4:00:00,Haleiwa,HI,Disk,1 hour,a bright star flashing red and blue,1/5/2011
11/13/2010 21:00:00,Kahului,HI,Formation,5-6 min,6 arclight orbs that seemed to be under intelligent control fly-by @ 5000ft.,4/18/2012
11/10/2010 4:00:00,Kahului,HI,Oval,5 to 10 seconds,3 reddish ovals in early morning over maui.,11/21/2010
9/20/2010 0:00:00,Kiluea,HI,Changing,2hours,Bright changing light shape change size change position change from left sky to right sky it twinkiled like a star but it's really brig,11/21/2010
9/18/2010 21:00:00,Kapolei (Oahu),HI,Light,slower than a comet,"kapolei, hi slower than comet glowing colourful crashes out of sky all the way to water 5-30miles offcoast",10/10/2011
8/4/2010 20:25:00,Pa'akai Point- Mamalahoha Hwy,HI,Triangle,5 seconds,Triangle shape with lights flashing to off. South Kona Hawaii (big Island),8/24/2010
8/4/2010 19:00:00,Kunia,HI,Light,20 seconds,Two VERY FAST bright lights Red and White.,11/21/2010
8/1/2010 0:32:00,Hickam AFB,HI,Triangle,25 Seconds,I saw a bright orange glowing object moving across the sky and viewed the object for 25 seconds,8/24/2010
7/25/2010 21:00:00,Lahaina,HI,Chevron,15-30 minutes,"three boomerang shaped objects, red/orange in color",7/28/2010
5/24/2010 7:45:00,Honolulu,HI,Sphere,60 sec,I was on the Sandy beach at 0745 and had noticed something flying over me and as I looked I saw that there were 7 sliver spheres half s,6/3/2010
5/4/2010 21:30:00,Wahiawa,HI,Light,5 seconds,Bright green light over Schofield Barracks,5/12/2010
5/4/2010 21:25:00,Ewa Beach,HI,Light,2 seconds,Two bright flashes lighting up the entire sky and a single light streaking down.,5/12/2010
4/28/2010 19:00:00,Honolulu,HI,Light,3 to 4 minutes,"looked like a intensly bright star,brighter than serious the star. Moving very very fast! SCARY!",5/12/2010
4/19/2010 15:00:00,Honolulu,HI,Triangle,30 Minutes,Honolulu Hawaii - Strange Triangle aircraft preforming maneuvers with short contrails Intersecting each other,5/12/2010
3/27/2010 19:45:00,Ewa Beach,HI,Unknown,15 minutes,"Strange light in Ewa Beach, Oahu, Hawaii",4/13/2010
3/14/2010 15:30:00,Honolulu,HI,Cylinder,4 minutes,Flying Cylinder moving in broad daylight from West to East.,4/18/2012
3/5/2010 21:00:00,Kihei,HI,Circle,15 minutes,6 yr-old daughter and Mom spotted 4 spaceships in a large cloud on a clear Hawaii night.,4/13/2010
3/5/2010 20:45:00,Kihei,HI,Circle,15 minutes,"An unusual cloud with round discs and moving fast moving lights, inside of it.",4/13/2010
2/26/2010 6:00:00,Keaau,HI,Sphere,10 seconds,BRIGHT GREEN SPHERE-BALL SHAPED OBJECT,4/13/2010
2/23/2010 20:50:00,Ewa Beach,HI,Triangle,5-10 min,Two unnaturally bright UFO's over Ewa Beach,4/13/2010
2/16/2010 7:10:00,Kailua-Kona,HI,Light,2 minutes,"Big bright light seen in broad daylight on the island of Hawaii, hovered for 2 minutes then suddenly vanished on Feb.16, 2010",4/13/2010
1/25/2010 18:45:00,Kapolei,HI,Light,2 min,"The two lights changed colors and flew circles around eachother while a Helicopter was following the 2 lights, they came very close to",2/14/2010
1/25/2010 18:00:00,Keaau,HI,Light,couple minutes,"Golden round light flying quietly, small side balls blinked",2/14/2010
1/9/2010 21:35:00,Kapolei,HI,Light,30-40 secs,Re Submitted per Mr. Davenport request to detail the light description of objects. 01.09.2010 While watering my grass at about 21,2/14/2010
1/8/2010 21:35:00,Kapolei,HI,Light,40 secs,LED like lights swarming above ocean in west Oahu.,2/14/2010
12/27/2009 20:00:00,Honolulu,HI,Circle,,"This happened at the end of Dec. 2009. I am from Honolulu, HI and I live near Diamond Head. It was around 8pm at night when my sister a",2/14/2010
12/6/2009 19:30:00,Honolulu,HI,Light,0.05,"Bright green light with extreme speed flight pattern over ocean beyond Waikiki, Island of Oahu, 12/06/09",12/12/2009
11/7/2009 10:26:00,Honolulu,HI,Other,Unknown,Yellow or gold aerodynamic looking object near Hickman AFB at an unknown distance from camera.,12/12/2009
10/27/2009 18:20:00,Kaneohe,HI,,15 MIN,SYMBOLIC CONTRAILS OVER KANEOHE THAT LOOKED LIKE SQUARES AND ARCS,12/12/2009
10/14/2009 2:20:00,Honolulu,HI,Circle,5 Minute,"Unusually bright, very colorful; pulsating light in the sky,",12/12/2009
10/7/2009 18:33:00,Kaunakakai,HI,Other,1.25,"sighting of unknown blue shaft of light, no object seen",12/12/2009
10/4/2009 19:00:00,Ewa Beach,HI,Circle,20 minutes,ball of ligh that changes its color from blue green red and white then it moves very suspiciously up down left right then it gets big.,12/12/2009
9/18/2009 2:00:00,Ka'anapali,HI,Oval,60 seconds,"2am on 9/18 I saw an oval shape object bright red/orange slowly moved south, stopped, moved north, the moved up and disappeared.",12/12/2009
8/26/2009 20:17:00,Wailua,HI,Light,25 minutes,Lights above Kauai beach,12/12/2009
8/25/2009 21:00:00,Kilauea,HI,Other,10 to 12 seconds,The object appeared to be eight lights in a bar to the northeast. It was approximately 15 or 20 degrees above the horizon.,8/27/2009
8/20/2009 2:00:00,Haleiwa,HI,Unknown,20 seconds,6 large white symmetrical round lights appear off surf in Haleiwa Oahu.,4/13/2010
8/17/2009 20:30:00,Haleiwa,HI,Unknown,1-2 minutes,series of extremely large orange lights on the horizon,8/27/2009
8/15/2009 20:37:00,Honolulu,HI,Circle,3 minutes,Colorful U.F.O. spotted near Hawaii International Airport,8/27/2009
8/3/2009 0:00:00,Keaau,HI,Circle,10 minutes or so,Saw two high-flying reddish balls,8/27/2009
7/24/2009 20:00:00,Waimanalo,HI,Sphere,5 minutes,series of 16 green / led-like fluttering spherical objects rise in the NE ..noiselessly proceed to S W and continue ascending over,7/29/2010
7/18/2009 19:45:00,Honolulu,HI,Other,about 10 minutes,"we saw a steaking white light flying over the water then it stopped. it looked like a jet was following it, when the jet caught up the",8/5/2009
5/3/2009 20:55:00,Honolulu,HI,Sphere,5 seconds,blueish greenish ball of light,5/12/2009
1/19/2009 19:45:00,Kaneohe,HI,,15 Minutes,"Intermittent flashing light, unmoving, near Western shoulder of Orion",3/19/2009
1/11/2009 20:45:00,Haiku,HI,Light,15 minutes,"Bright Light, moving left to right, and then right to left, and then dimming, disappearing, and then reappearing",3/19/2009
12/22/2008 20:30:00,Kona,HI,Light,90 seconds,Bright light moving across the sky over Kealakekua Bay.,1/10/2009
10/25/2008 21:00:00,Mililani (around),HI,Chevron,2 min,UFO by Mililani and Wheeler Army Airbase Hawaii viewed from the freeway,1/10/2009
10/23/2008 21:15:00,Honolulu,HI,Light,60 secs,Army Blackhawk chases UFO over honolulu 10/23/08 9:15 pm,10/31/2008
10/19/2008 12:00:00,Hilo,HI,Sphere,10 mins,Object over Hawaii skys,1/10/2009
8/28/2008 21:00:00,Hanalei,HI,Light,0.0625,"We saw six orange lights appear over Hanalei Bay, Kauaii",10/31/2008
8/11/2008 19:30:00,Lahaina,HI,Circle,9 minutes,"it was dusk and it appeared to be Jupiter, then we noticed this starlike object was only several hundred feet to our southeast and was",10/31/2008
7/28/2008 0:00:00,Honolulu,HI,Cigar,15 min,"Sightings I will write down everything I remember from that day. It was a Monday, 28th of July. My daughter & I had errans to run that",8/12/2008
7/18/2008 21:30:00,Po'ipu,HI,Other,3 seconds,"On Kauai, red then green glowing object falls from sky only 50 yards away from 250 feet up",8/12/2008
6/13/2008 21:30:00,Honolulu,HI,Light,3 seconds,A florescent green light moving very rapidly from North to South. Moving at approximately the speed of a meterite but much larger.,7/5/2008
5/26/2008 0:00:00,Honolulu,HI,Light,1 minute,"Orange light over Hawaii Kai, Honolulu",6/12/2008
5/19/2008 19:30:00,Hilo,HI,Light,10 minutes,"one thing to see one object, but three, where are they?",6/12/2008
4/27/2008 21:00:00,Honaunau,HI,Fireball,10 minutes,"10 to 20 lights in the sky above Honaunau, Hi 4/27/08",6/12/2008
4/27/2008 19:00:00,Honaunau,HI,Formation,15 minutes,"Unidentified orange lights maintaining t he shape of a backwards question mark over the coast of the Kona coast of The Big Island ,",6/12/2008
4/27/2008 19:00:00,Captain Cook,HI,Light,5 minute,"Lights seen by many, including DJ who announces location in sky.",6/12/2008
4/27/2008 19:00:00,Captain Cook,HI,Light,5 minute,lights in sky identified,6/12/2008
4/4/2008 9:30:00,Maui,HI,Triangle,,I was in Maui Hawaii for a vacation. I was on the deck of our condo around 9:30 at night looking at the stars and i saw i oddly bright,6/12/2008
2/18/2008 19:15:00,Kapaa,HI,Light,30 seconds,"My wife and daughters went outside to look at the moon and she said to me ""there are two ufo's flying over.My three year old said,""dadd",3/4/2008
1/22/2008 18:00:00,Wahkiki,HI,Unknown,unknow,Walking on the beach took pictures of sunset. Two different days. See attached picture,2/14/2008
12/21/2007 19:14:00,Honolulu,HI,Unknown,2 minutes,"On the evening of December 21, 2007, I was driving on Interstate H-1 on the island of Oahu. The incident occurred at approximately 7:1",3/4/2008
12/3/2007 22:30:00,Kihei,HI,Light,10 seconds,"Two mysterious silent lights flying along the shoreline with very fast, precise, sporadic movements!!!!!!!!",3/4/2008
12/1/2007 12:00:00,Kailua,HI,Changing,22 days ongoing,"Ongoing daily photography of UFO's invisible to naked eyes over Kaneohe, Hawaii .",3/4/2008
11/12/2007 22:00:00,Ka'anapali,HI,Circle,2 min,Small light bouncing in the sky and entering the ocean at night in Maui.,11/28/2007
10/14/2007 16:00:00,Honolulu,HI,Light,10 seconds,"My family and I were driving home from the North Shore of Oahu where we spent the day on the beach, I had gotten a new digital camera 7",3/31/2008
10/1/2007 20:00:00,Ewa Beach,HI,Light,10 minutes,Lights flickering in the sky.,10/8/2007
9/29/2007 0:00:00,Lihue,HI,Light,2 mins,Green light moves in akward movements,10/8/2007
8/28/2007 1:00:00,Keaau,HI,Light,5 MIN,"Big Island of Hawaii while watching the lunar eclipse, witnessed a large glowing ball darting in the sky",10/8/2007
8/26/2007 19:15:00,Honolulu,HI,Light,,Stationary star-like object shrinks to a pinpoint and vanishes. ((NUFORC Note: Possible sighting of Iridium satellite?? PD)),10/8/2007
8/21/2007 23:30:00,Ewa Beach,HI,Fireball,3 seconds,Spherical high altitude explosion and flash of light over Ewa Beach,10/8/2007
6/15/2007 20:00:00,Maui,HI,Unknown,1hour,"starlike object moves down from the top of west maui ,mts -emits circular brite glowing lite ((NUFORC Note: Venus??))",8/7/2007
5/28/2007 23:30:00,Kea'au,HI,Flash,10 min.,"Power outage, witnessed a transformer blow out, then 3 bright green flashes filled the entire sky.",6/12/2007
5/28/2007 23:30:00,Pahoa,HI,Flash,10 seconds,3 Green Illuminating Flashes and power outage,6/12/2007
5/5/2007 20:25:00,Kaneohe,HI,Light,15 min.,"Large, bright, non-twinkling, stationary light we thought was a planet was completely gone 15 min. later. ((NUFORC Note: Venus?? PD))",6/12/2007
4/27/2007 20:45:00,Kaneohe,HI,Sphere,10-15 seconds,reddish star like craft,6/12/2007
4/27/2007 20:45:00,Kanehoe,HI,Other,10 seconds or less,"Observation position was latitude 21° 28' 4.26"", longitude -157° 51' 3.06"".",6/12/2007
4/13/2007 21:00:00,Napili Bay (Maui),HI,Rectangle,3-5 seconds,"A couple vacationing in Napili, Maui noticed a bright rectangular blue green obj. with a orange colored tail streaking across the sky.",4/27/2007
3/20/2007 23:16:00,Pearl Harbor,HI,Fireball,1 to 2 seconds,Fireball in Hawaii,4/27/2007
3/4/2007 16:00:00,Maui,HI,Cylinder,20-30 seconds,silver cylinder about 100-150 feet long appears overhead,1/10/2009
1/26/2007 18:30:00,Honolulu,HI,Light,,Strange light over Hawaii doing zig zag. ((News article by Andrew Pereira.)) ((NUFORC Note: Probably a photo of a contrail. PD)),2/1/2007
1/25/2007 18:30:00,Honolulu,HI,Fireball,1+ hr,strange fireball with tracers lasting 1+hrs. changing directions,2/1/2007
1/13/2007 18:10:00,Lihue,HI,Unknown,,"Bright, changing colored lights hovering in same location; southeastern end of island of Kauai. ((NUFORC Note: Sirius. PD))",2/1/2007
12/20/2006 19:20:00,Pahoa,HI,Egg,2 seconds,Egg shapped orange Moon object over Hawaii neighborhood.,2/1/2007
11/20/2006 18:45:00,Kapaa,HI,Unknown,5 minutes,"3 objects appear in the sky, zigzagging and moving in opposite directions, brightly flashing intermittently",12/7/2006
10/21/2006 3:00:00,Anahola,HI,Disk,3 hours,8 year old Daughter and friend experience sighting and interaction with UFO in Hawaii.,10/30/2006
10/5/2006 19:45:00,Honolulu,HI,Sphere,1 minute,One minute sighting of massive football sized sphere about 2000 ft up,10/30/2006
9/30/2006 1:00:00,Lihue,HI,Light,1 min,"Two ""Dancing"" lights rising from the east traveling upwards over Lihue, Kauai just after 1:00 am 30 Sept.",10/30/2006
9/12/2006 1:00:00,Honolulu,HI,,20 MINUTES,Strange pulsating bright colored lights.,1/10/2009
9/7/2006 20:45:00,Maui,HI,Light,4 minutes,"Sept. 7, 2006 MAUI, HAWAII 8:45 PM a bright light in the sky moved left to right then shot straight up and disappeared",10/30/2006
8/25/2006 13:00:00,Maui,HI,Disk,moments,this pic was taken by step son on trip to maui 1 day before earth quake. Just looking for some authentication. We are puzzled. I dont h,2/1/2007
7/30/2006 14:12:00,Honolulu,HI,Other,5 minutes,"If a picture is worth 1000 words than this one is worth $1,000,000!",10/30/2006
7/2/2006 0:24:00,Waialua,HI,Sphere,10 minutes,"10-15 ft. diameter amazingly bright, glowing, hovering orbs",7/16/2006
6/20/2006 21:30:00,Mana,HI,Sphere,10 min,"A large stealth dark spherish object, with no lights or noise, at close range to barking sands beach kauai",7/16/2006
12/11/2005 5:30:00,Mililani,HI,Oval,5 min,"two orange oval shape objects flying over Mililani, Oahu Hawaii. ((NUFORC Note: High-altitude jets?? PD))",12/16/2005
11/28/2005 18:45:00,Koror (Republic of Palau),HI,Circle,2 minutes,very fast Circle lite passed above us in the middle of the ocean with out a sound.,12/16/2005
11/15/2005 23:14:00,Hilo,HI,Light,4min,"Orangeish pulsating light is stationary for 3 minutes, then makes abrupt movements in zig zag motion to the left before disapearing",12/16/2005
10/11/2005 18:33:00,Pearl Harbor,HI,Light,2 seconds,Fast moving light in the sky South of Peal Harbor,10/20/2005
9/11/2005 19:00:00,Haiku,HI,Diamond,1 hour,I spotted one black disk/diamond shaped object hovering and leaving a faint exhaust trail just at cloud level.,10/11/2005
8/18/2005 5:30:00,Honolulu,HI,Unknown,about 10 mins,"Strange light over Honolulu just before sunrise, varying in number and light intensity.",10/11/2005
8/6/2005 1:00:00,Equator,HI,Light,30 seconds,orb lights on wing of plane near Hawaii,12/7/2006
8/4/2005 3:30:00,Honolulu,HI,Flash,1 to 2 seconds,The Halogenbright flash appeared in the skies over Kaena point Oahu at about 0330 hrs. around 4 August 2005.,9/2/2005
7/17/2005 21:00:00,Hawi,HI,Changing,1hr,crystal like object changing shapes,9/2/2005
5/24/2005 0:00:00,Volcano,HI,Disk,5 minutes,A UFO was seen over Hawaii near the Mauna Kea Observatories.,5/28/2005
5/21/2005 2:20:00,Holualoa,HI,Changing,30-40 minutes,"3 bright lights that moved and changed shapes and colors, and appeard to be checking us out",5/24/2005
5/20/2005 20:00:00,Honolulu,HI,Light,"@20 minutes or so,","zig zagging light, floating oval object, and large dark colored object seen above park in honolulu.",9/2/2005
4/28/2005 5:00:00,Holualoa,HI,Light,2 min,Intermittant light source and strange trajectory immediately got my attention. ((NUFORC Note: Possible tumbling booster shell?? PD)),5/11/2005
2/5/2005 17:30:00,Honoluu,HI,Light,15 minutes,the bright star like object was initially motionless and then proceeded westward very slowing and gradually made and slow N/E arc,2/22/2005
1/28/2005 7:30:00,Waianae,HI,Triangle,1sec,"Hi, when i did take the photograph from my window in a clear early morning,I couldn't see anything unusual. Only after the film had",5/11/2005
1/24/2005 15:42:00,Maui,HI,Fireball,1 second,Bright spherical object seen on north side of Maui,2/8/2005
1/14/2005 4:00:00,Mililani,HI,Triangle,2 min,"I was awakened by a helicopter flying outside of my house, I thought it was strange becouse it was so early in the morning, and it soun",7/5/2005
1/1/2005 0:00:00,Wikitravel,HI,Diamond,new years,this all happened in one little section.,2/1/2007
12/17/2004 14:39:00,Haleakala,HI,Other,20 minutes,2 cameras record object pass over Hawaii.,5/24/2005
12/17/2004 4:19:00,Haleakala (Maui)/Mauna Kea (both),HI,Unknown,20 min. (approx.),http://antwrp.gsfc.nasa.gov/apod/ap050208.html (explanation of sighting detailed on link),5/24/2005
12/13/2004 1:00:00,Honolulu,HI,Disk,3 mins,I seen the windows around the saucer and I can draw exacly what I saw.,5/24/2005
12/7/2004 16:20:00,Aiea,HI,Circle,2mins,Two seperate sightings On oahu,1/19/2005
12/6/2004 1:00:00,Oahu,HI,Flash,5 minutes,"Large,glowing green,yellow,white ball of light flew over me,hovered & dropped into the ocean.Aircraft followed to investigate.",5/24/2005
10/24/2004 15:30:00,Honolulu,HI,Disk,35sec.,"the object has no sound,no lights,no windows,silver like color, moving fast.",12/3/2004
10/21/2004 20:30:00,Honolulu,HI,Other,couple minutes,"saw bright flame across sky twice, followed by tiny red lights, one moving in a sprial pattern and others stationary in the sky.",11/2/2004
10/11/2004 1:00:00,Honolulu,HI,Triangle,2-3 seconds,3 trangular UFOs were spotted in a triangle formation for 3 seconds.,10/27/2004
9/13/2004 19:55:00,Honolulu,HI,Sphere,15 sec.,"As I exited the Halawa K-mart something above cought my attention. I immediately looked up and what I saw was a brilliantly lit, sphere",9/29/2004
9/8/2004 12:00:00,Waikele,HI,Oval,2 hours,I have tried to contact someone from your office at 672-8467 but to no evail........me and my children have observed something very str,9/9/2004
7/11/2004 5:18:00,Kahului,HI,Light,4-5 minutes,"Bright light (low flying) moving south toward Haleakala....no sound...non-aircraft, non-meteor",7/25/2004
6/16/2004 15:00:00,Lahaina,HI,Cross,quik,"i had no idea i was taking this when i took the picture, but i have no idea what this is over the west maui mountians...",2/24/2005
5/20/2004 20:20:00,Honolulu,HI,Unknown,30-45 seconds,"May 20, 2004 At approximately 8:20 P.M. Pacific Standard time, I saw in the northeastern sky a series of random light bursts that we",6/4/2004
3/13/2004 5:18:00,Keaau,HI,Circle,several minutes,"Looked like a moving medium size star, high altitude, no sound. ((NUFORC Note: Possible satellite. PD))",3/17/2004
2/27/2004 5:30:00,Keaau,HI,Light,several minutes,"Looked like a distant moving star, kept going. ((NUFORC Note: Possible satellite. PD))",3/2/2004
1/15/2004 11:00:00,Kailua,HI,Light,2 minutes,Two brightly reflective objects skimming only feet above the water and moving at a steady speed.,1/31/2004
1/5/2004 19:00:00,Maui,HI,Other,10 minutes,"Orange, glowing, silent, low-altitude, slow-moving orb in Hawaiian night sky.",1/17/2004
1/2/2004 7:35:00,Wailea,HI,Circle,10 min,A Bright Orange Pulsating Orb,1/22/2004
12/27/2003 20:00:00,Honolulu,HI,Sphere,5 min,"The object was a slightly illuminated brownish/orange sphere, barely visible in the night sky.",2/12/2004
12/22/2003 13:30:00,Pahoa,HI,Circle,4 minutes,Unusal black round object manuevering strangely in afternoon sky near Pahoa-town.,3/2/2004
11/9/2003 19:30:00,Kau,HI,Fireball,2.5 Hr.,In Nov. 2003 my two friends and I saw 50 or so Fireballs,4/30/2004
11/8/2003 13:00:00,Maluhia (Maui),HI,Other,several minutes,Intriguing rock shaped object,12/7/2006
11/1/2003 19:30:00,Ewa Beach,HI,Sphere,15 seconds,I was looking up at the sky slightly northward hoping for a glimpse of the aurora due to recent high solar flare activity when I notice,11/26/2003
9/17/2003 23:30:00,Honolulu,HI,Sphere,5 minutes,I thought it was a star as it flickered between white and red.,9/28/2003
9/14/2003 16:30:00,Honolulu,HI,Circle,1 hour,"As I lay on the beach not far from waikiki I noticed a small round object way up near the clouds to my left over diamond head crater,a",9/24/2003
9/8/2003 3:30:00,Maui,HI,Flash,15-20 seconds,My wife and I were on our honeymoon and I was out running on the beach very early in the morning. I stopped to stretch and look at the,3/23/2004
7/10/2003 4:00:00,Waikiki,HI,Circle,15minutes,incredable speed,12/9/2003
6/18/2003 12:53:00,Napali Coast,HI,Other,2 seconds,Roundish object discovered in picture of five F-15 fighters flighing over Napali Coast.,7/16/2003
6/15/2003 15:00:00,Lahaina,HI,Cone,drive by,"I had just received my new digital camera and was on my way to work in Lahaina, i took some shots of the mountian on on way, when i ret",10/11/2005
3/17/2003 13:00:00,Kailua-Kona,HI,Unknown,2-3 seconds,possible anamolous object on TV show,3/21/2003
11/30/2002 18:42:00,Hawaii Volcanoes National Park,HI,Unknown,15 min,Three objects originating from the same area moved rapidly in separate directions.,12/23/2002
9/28/2002 21:27:00,Honolulu,HI,Fireball,2 sec,green fireball fall from the sky.,9/29/2002
9/16/2002 21:50:00,Kapaa,HI,Circle,4 min.,Array of small white with purple belly lights following eachother in an angle over slleping giant Kapaa HI.,9/29/2004
8/26/2002 19:50:00,Maui,HI,Light,3-5 minutes,On 8/26/02 at 19:50 a white lighted UFO rapidly approached area over Maui and then procededed eastward.,9/6/2002
8/22/2002 20:08:00,Honolulu,HI,Light,approx. 1:00 minute,Star-sized object shines brightly then disappears after making 30 degree angle turn,8/28/2002
8/4/2002 18:00:00,Keaau,HI,Disk,1 &1/2 min.,I could not believe that I was looking at a flying saucer as it sliced thru a cloud....,8/28/2002
6/30/2002 22:00:00,Honolulu,HI,Circle,Years,Green glowing UFOs and some that look like stars in the shape of circles with many encounters.,2/1/2007
5/29/2002 23:40:00,Keaau,HI,Sphere,10 seconds,Sphere of Light on the Island of Hawaii,6/12/2002
5/15/2002 22:30:00,Ford Island,HI,Sphere,3 Minutes,"Pulsating, hovering light behind Kaala, viewed from Ford Island.",8/28/2003
4/11/2002 22:00:00,Hilo,HI,Changing,couple seconds,huge silver disappearing object,10/28/2002
4/6/2002 22:00:00,Maui,HI,Oval,5 mins.,"An oval shaped spacecraft with bright lights hovered above our car on a deserted Hawaiin road, one humid night in Maui.",6/12/2002
1/26/2002 3:50:00,Kahana Beach,HI,Circle,20-25 seconds,A round or spherical light that was blue-green moved rapidly across the surface of the ocean.,1/29/2002
1/22/2002 3:50:00,Kahana Beach,HI,Circle,15 seconds,We saw a round or spherical object of a bright blue-green moving north just above the surface of the sea.,1/29/2002
1/9/2002 7:50:00,Kapula Bay (Maui),HI,Light,2 - 3 minutes,"Two round white lights moving fast and steady, (left to right) across a body of water, rising and disappearing.",1/11/2002
1/2/2002 22:05:00,Honolulu,HI,Triangle,2 min,"Very bright, firm triangular formation of lights -- solid, hanging and moving silently, 100 feet above the building.",1/11/2002
12/26/2001 5:25:00,Honolulu,HI,Other,15 seconds,Slow moving 'star' flys across Honolulu skyline.,1/29/2002
12/1/2001 2:00:00,Kahului,HI,Disk,2 hrs,Bright Star or Planet when magnified turns out to be metallic saucer shaped object.,9/4/2003
11/18/2001 2:00:00,Kahului,HI,Disk,2 hours,Sighting of object during meteor shower ((NUFORC Note: Possible sighting of twinkling star? PD)),7/8/2004
9/5/2001 23:15:00,Honolulu,HI,Light,30-45 seconds,"11:15 pm. Looking South from the Halekulani Hotel on Wikiki beach, 6th floor. I had arrived earlier that day with my wife, and had NOT",10/12/2001
7/20/2001 16:00:00,Waianae,HI,Sphere,15 seconds,this was in broad daylight. in a populated area.,9/28/2002
7/15/2001 22:30:00,Waimanalo,HI,Triangle,5 minutes,"Started as a bright star on horizon, silently moved in a east-west direction over us. multi-colored light along the outside of the tria",2/25/2003
6/20/2001 21:28:00,Pahoa,HI,Circle,about 2 minutes,"i was standing out on my front walkway of my house, when I saw a strange round shaped object fly over my head. i could actually see blu",8/5/2001
6/13/2001 0:00:00,Kailua Kona,HI,Circle,5 min.,"Bright red,Beautiful. Thought it was an atmospheric condition veiw of possibly the planet of Mars, but it was pulsating and something j",8/5/2001
6/6/2001 14:00:00,Waianae,HI,Sphere,10 seconds,"we saw this in broad daylight, and the sky was perfectly clear.",4/22/2003
4/18/2001 21:07:00,Poipu,HI,Light,5 seconds,"Strange, fast moving light seen off shore of Kauai.",4/28/2001
1/29/2001 18:30:00,Wahiawa,HI,Other,5 minutes,Unique shaped object in Wahiawa sky...did anyone else see this thing?,2/18/2001
1/20/2001 19:15:00,Kailua-Kona,HI,Fireball,5 seconds,bright fire ball cfrossing the sky blueish/green with a tail.,2/18/2001
1/8/2001 5:40:00,Kamuela,HI,,3-5 seconds,While walking my neighbor and I saw three very fast-moving lights in the pre-dawn sky.,2/18/2001
12/27/2000 15:00:00,Kea'au,HI,Sphere,5 -10 minutes,"2 friends watch UFO watching us , disappears as we look through binoculars!",1/10/2009
12/1/2000 4:35:00,Lawai,HI,Light,5 seconds,A bright light/flash with an explosion.,12/9/2000
12/1/2000 4:30:00,Lawai,HI,Unknown,5 minutes,An extremely bright light which flashed and a delayed rattling of home windows.,12/9/2000
12/1/2000 4:30:00,Kilauea,HI,Fireball,10 seconds,"As I lay conscious but half asleep with my eyes closed, I perceived an intensely bright bluish light illuminating the entire sky. It w",12/9/2000
12/1/2000 4:30:00,Lawai,HI,Flash,At least 2 sec.,Only witnessed A bright 2 second flash of light from inside the house and the house shook about 20-30 second thereafter.,12/9/2000
12/1/2000 4:29:00,Kilauea,HI,Fireball,5 seconds,"I witnessed a large blue-colored firefall with orange tail falling from the sky at a 35 degree angle, duration 5 seconds.",12/9/2000
11/30/2000 5:30:00,Kapa'a,HI,Circle,7 minutes,A big blue light,12/9/2000
11/9/2000 0:05:00,Honolulu,HI,Formation,More than 30 minutes/stil,Formation flashing bright colored lights over Diamond Head Hawaii,12/2/2000
9/25/2000 20:12:00,Maunaloa (Molokai),HI,Chevron,2 minutes,Never before seen Red Lights,12/2/2000
6/30/2000 0:00:00,Ewa Beach,HI,Triangle,2 hours,"Triangular, translucent craft Ohau 2000",11/28/2007
6/3/2000 20:30:00,Kaneohe,HI,Other,1min and 30sec approx.,"Two witnesses observe a ""V"" formation of lights moving across the night sky.",6/6/2000
2/29/2000 13:35:00,Hawaii's Volcano National Park,HI,Sphere,50 min.,Bright metallic spheres that split into to smaller spheres and hovered for 50 minutes......,4/1/2000
2/15/2000 12:30:00,Honolulu,HI,Disk,1 Minute,Grey disk flying over Hickam AFB.,4/14/2009
9/30/1999 21:00:00,Pearl Ridge,HI,Sphere,4 minutes,Small blue flourescent ball hovering the skies of Oahu.,10/12/2001
9/17/1999 19:27:00,Honolulu,HI,Circle,5 min,Me and my friend were talking and my friend spotted a sphere in the sky. It was moving kind of slow and then reached a point in the sky,10/2/1999
9/1/1999 21:00:00,Kapaa,HI,Triangle,10min.,While vacationing on the East Coast of Kauai I went out on a clear night and looked up at the stars. I saw lots of satelites and I also,11/17/1999
8/22/1999 20:00:00,Lahaina (Maui),HI,Sphere,3or4 seconds,"Bright sphere, brightly lit with white, red and green. Quiet, fast moving, heading northwest.",8/30/1999
6/19/1999 1:54:00,Honolulu (Waikiki),HI,Other,30 seconds,"for about 30 seconds it brighted up to like Jupiter or Venus,it was moving towards the East, between 30-45 degrees angle,s.e. of Cygnus",2/24/2001
5/5/1999 22:00:00,Kaneohe,HI,Sphere,2-3 seconds,nighttime sighting of a glowing green sphere passing above us as we emerged from the mountain tunnel.,5/24/1999
4/25/1999 23:30:00,Paia,HI,Cylinder,5-10 minutes,cylinder shaped red glowing craft moving very fast from the north to the west,5/24/1999
4/7/1999 8:40:00,Waikoloa,HI,Changing,,I was out side with a couple of my friends checking out the stars. When we saw glowing bright light that,4/26/1999
4/7/1999 8:37:00,Kamuela (Waimea),HI,Changing,,I was in the park and then i saw a bright flash and it dashed across the sky and then it disapeared,4/26/1999
3/14/1999 1:15:00,Lihue,HI,Light,5 min.,Bright green lights floating in space with a strange motion pattern.,4/2/1999
3/13/1999 20:03:00,Waipahu Peninsula (Waipahu),HI,Light,10-13 sec,"Facing 170-180, saw brilliant flash at 65 deg azimuth. Color: White, no blue, red or orange. Traveled from N - S.",4/2/1999
10/29/1998 19:45:00,Lahaina,HI,Sphere,5 seconds,"My freind and I saw a bright sphere like object move across from West to East very rapidly. Towards the end of its flight path, a orang",11/19/1998
10/29/1998 3:00:00,Lihue (Kauai),HI,Other,7-10min,I saw what at first was one glowing greenish light and then a total of three that moved in unison in a square pattern down/up and then,11/19/1998
7/4/1998 10:23:00,Hawii (Waikiki),HI,Light,15 min,"an object in the sky was making weird formations this ment it couldn't be plane. The space ship was moving it circles,up and down and",11/21/1998
3/11/1998 16:45:00,Kauai (2/miles off north coast of),HI,Sphere,"3/MIN,","While fishing off of the north coast of Kauai, Hawaii we saw a metalic sphere moving at a very high rate of speed in a North Westerly d",8/5/2001
1/24/1998 5:45:00,Kaneohe,HI,Triangle,5 hours,Saw a very large (size of a school bus) bright light wide triangular shape in the sky hovering above a nearby mountain. Then second cra,3/7/1998
1/1/1998 4:00:00,Huelo,HI,Light,1 hour,"I've seen many strange things, from beings in my room to faces looking down on me, and I was not alone!!",2/25/2003
10/15/1997 0:00:00,Naalehu,HI,Sphere,5 MIN.,It looked like a natural object (for a meteor) but it didn't follow the laws of gravity,8/25/2000
9/21/1997 14:00:00,Manoa Valley (Honolulu),HI,Disk,20 seconds,"Hovering Craft over Manoa Valley, Honolulu Hawaii. Greyish Color Shot directly upwards with no sound.",1/28/1999
8/15/1997 22:30:00,Lahaina,HI,Triangle,3 seconds,"During our viewing of the Paleids meteor shower, we viewed a large dark triangle craft appear out of no where and travel across the sky",1/7/2000
7/11/1997 22:30:00,"Hanalei, Kauai",HI,Oval,15 minutes,1997 Kauai UFO does a light show and then flys 100 ft over my head,8/4/2017
6/1/1997 10:00:00,Waimanalo,HI,Oval,5 minutes,"Blurs out of atmosphere, makes speedy angled turns, not slowing down to take em and seems to be spastic at times, and also silent.",1/21/2008
1/5/1997 1:10:00,Haleiwa,HI,Triangle,1-2 hours,January 1977 1:00 am Haleiwa Hawaii Two craft (like power boats) at 5000 feet Exchanging power beam 1-2 hour duration,11/11/2013
10/16/1995 5:57:00,Scofield Barracks,HI,,30 min.,"Soldier reports seeing a ""stationary obj. to S, w/ red & blue flashing lights."" Still clearly visible even after sun has risen.",11/2/1999
6/15/1995 20:00:00,Kapaau,HI,Teardrop,20 seconds,Brilliant teardrop shaped blue-green light,12/12/2011
6/1/1995 23:45:00,Wailuku,HI,Fireball,10 minutes,Fireball from the West Maui Mountains toward the Pacific Ocean,10/10/2011
3/30/1995 0:00:00,Honolulu,HI,,,Young woman reports yellow lights in formation over ocean. Several other similar sightings in recent past.,11/2/1999
2/24/1995 23:00:00,Cam Highway (?),HI,,,"Woman repts. multiple lighted obj. moving over ocean to NW. Prior sightings, as well.",11/2/1999
1/7/1995 5:00:00,Makapiu Point,HI,,30 min.,"Man and wife observe bizarre hump-backed, triangular object hover over sea. Had opaque windows. Humming.",11/2/1999
9/4/1994 17:00:00,Ewa Beach,HI,Cigar,10 seconds,"09/04/94, Ewa Beach HI, Unidentified Spacecraft about 10 times larger and similar in design to our modern aircraft carriers.",4/27/2004
6/1/1994 2:30:00,Lahaina (Puamana) (residential oceanside),HI,Circle,approx 6 sec,5 Bright glowing balls with NO comet trail traveling at great speed from north to south over hawaian islands,1/28/1999
6/1/1994 2:30:00,Lahaina,HI,Fireball,<1 minute,5 fireballs fly low over Lahaina in tight formation,9/5/2017
1/1/1994 0:00:00,Honolulu,HI,Light,varies,Strange sights in the sky over Oahu from about 1994 to 2004 seen by long-time resident,11/2/2004
10/17/1993 18:00:00,Lihue,HI,Disk,aprox 60 to 90 mins,"Hello Mr. Davenport, I'm about to share something with you that happened quite a while ago but yet I have never reported this story wi",9/24/2012
8/4/1993 20:30:00,LaHaina,HI,Chevron,3-4 sec,"Maui, August 1993, incredibly fast & quiet lighted craft moves across the sky, news reports confirm sighting with no explanation.",5/24/2005
7/20/1993 23:30:00,Honolulu,HI,Unknown,2 Seconds,"Trail of light emerging from ocean and looping back into the water. Object must have been very large, since sighting was from about a",2/16/2000
7/15/1993 21:00:00,Hilo,HI,Formation,approx. 1 hour and 15 min,"During a Hawaiian Huna training on the Big Island of Hawaii, myself and about 12 others in our group witnessed a formation of UFOs that",12/16/1999
6/11/1993 22:00:00,Kihei,HI,Oval,1 1/2,UFO and lights appear in sky in Maui Hawaii in '93.,4/22/2003
5/15/1993 21:00:00,Barbers Point NAS,HI,Fireball,8-10 seconds,"Large, bright, silent fireball with a tail moving from east to west disappeared behind Makakilo hill",11/20/2013
8/24/1992 20:00:00,Kohala Coast (Big Island),HI,Light,1 minute,Dancing light over Hawaiian Ocean,2/14/2006
2/2/1992 3:00:00,Makawao,HI,Other,One hour,Visitation of beings into my home where I actually 'heard' a voice from the being.,2/25/2003
8/1/1991 3:30:00,Kapaa,HI,Unknown,4-5 min.,I was awakened by mercury vapor (orangish) light that illuminated about 2 acres of rural Kauai where there are no street lights. I atte,5/24/1999
12/10/1990 18:00:00,Honolulu (Hawaii Kai),HI,Flash,1 hour,In Hawaii Kai late 80's to early 90's over Kamehame Ridge one flash turns into hundreds and other multiples.,8/5/2009
6/1/1989 20:00:00,Hilo,HI,Unknown,2 hours,Bright light at car level,11/16/2002
12/2/1988 22:30:00,Hilo,HI,Light,2 - 3 Hours,"7 lights observed around Mauna Kea, HI",4/26/1999
12/31/1986 18:00:00,Kaneohe,HI,Cigar,0.003472222222,"A large, dark cigar shaped craft w/ lights",3/2/2004
12/31/1985 0:00:00,Lahaina,HI,Light,45+ minutes,"Golden Orb was the only light hovering very low over the water, 1-mile from breakwater with siting ALL power went off",5/6/2017
9/12/1985 16:10:00,Kaunakakai,HI,Egg,3 minutes,Silent egg-shaped golden-copper object,12/23/2002
7/6/1985 4:00:00,Kona,HI,Triangle,10 seconds,The green light was brighter than any nav light on an aircraft or boat.,1/22/2004
6/1/1984 21:00:00,Ka'anapali (Maui),HI,Light,one hour,"light came down from space one by spinning around, swarmming like bees for about a half hour arranged into a formation of vertical ...",1/29/2002
6/30/1983 22:00:00,Koneohe Bay,HI,,few min,Beam of light while living in military housing,4/18/2012
4/7/1983 23:00:00,Honolulu,HI,Oval,30 seconds,Waiakiki April 1983 Sighting at Twin Banyan Towers on Ohua Avenue off Kuhio Avenue moved silently between towers towards the beach.,12/19/2003
4/5/1983 20:00:00,Waikiki,HI,Disk,30 seconds,"The object was very clear, no haze, no distortions, and silent. It was lighted with multiple colors on its bottom, remeniscent but not",1/28/1999
8/12/1980 19:00:00,Honolulu,HI,rectangle,5 min,Saw large bus like vehicle,1/28/1999
11/15/1979 4:00:00,Honolulu,HI,Sphere,2 minutes,"saw a blue sphere hover in front of me---just bigger than a basketball--no noise, heat, etc.--it took off and disappeared as soon as I",5/11/2005
10/15/1978 21:00:00,"Haena, Kauai",HI,Light,5 minutes,"Six bright blue light orbs dance above the ocean just off Haena, Kauai in 1978.",4/24/2014
9/1/1977 21:00:00,Dublin,HI,Triangle,10-15 minutes,"I contacted some other site about six months ago about this but heard nothing. I was at a Prep School, Junior year, in Dublin, NH. I",11/20/2001
7/5/1977 2:00:00,Kekaha,HI,Circle,10 minutes,the circular object entered U.S. airspace and refused to achnowledge communications. was then forced into the water at the order of the,8/24/2010
11/23/1973 19:00:00,Kapaa,HI,Cigar,10 minutes,Five of f us witnessed a cigar-shaped wingless aircraft with a light shining inside of its windows hover over us..,6/6/2000
6/1/1973 22:30:00,Honolulu,HI,Disk,20 seconds,UFO at Kam Drive-In Honolulu Hawaii,1/21/2008
2/1/1973 22:00:00,Honolulu,HI,Sphere,5 minutes,I was standing on the shore looking out towards the water when I saw a blue sphere coming toward the shore . It was at about a 45 degr,10/31/2008
7/15/1972 13:00:00,Kekaha Highway,HI,Circle,1Hr,"discus object being forced down between 2 islands , no resistance.",12/12/2009
8/2/1971 20:00:00,Kauai,HI,Disk,10 seconds,fire ball from south to north direction about 10 to 15 miles away withthe craft coming directly at us then taking a right northerly tur,8/30/1999
8/1/1970 18:45:00,Racine,HI,Unknown,1 minute,"At night, observed a silent color changing object fly through the sky.",1/28/1999
7/16/1970 23:00:00,Pearl Harbor,HI,Unknown,,Visited on military base as a teenager 500 Lights On Object0: Yes,12/12/2011
6/30/1970 1:00:00,Honolulu,HI,Sphere,seconds,"ufo patrols the coastline skies of hawaii; not a shooting star, nor meteor;nor a scheduled airliner.",12/16/2005
6/6/1970 3:00:00,Maui,HI,Egg,30+minutes,"form sucks was making warners bros. movie rainbowbridge with jimi hendrix,chuck wein [andy warhol] movie maker,and ben harris myself w",5/11/2005
6/1/1969 14:00:00,Oahu (400 miles NW of),HI,Light,25+ minutes,"My UFO report, Serving as lookout on a Navy Radar Picket ship (DE) USS Durant, I spotted a pinhead of very bright light overhead. I no",6/12/2008
4/15/1969 21:30:00,At sea (Between Panama & Hawaii),HI,Light,5 minutes,High speed track with gunfire control radar at sea.,4/12/2013
6/25/1968 11:00:00,Honolulu,HI,Circle,8 minutes,"it was a night that was extremly dark, my friend mark and I were playing army, and I rolled under neith a parked car, and rolled back o",4/16/2005
9/15/1967 20:00:00,Schofield Barracks Military area,HI,Circle,6 to 8 sec.,A luminescent disc of light traveling at tremendous rate.,3/19/2002
6/30/1967 21:00:00,Schofield Barracks,HI,Circle,5 to 8 sec.,"Luminescent disk traveling at fantastic speed over ocean near Schofield barracks, Hawaii",8/7/2007
6/1/1967 0:00:00,Shofield Barracks-Civilian,HI,Changing,1-2 hours,Inside.,7/26/2014
5/15/1966 17:00:00,Nanakuli,HI,Disk,5-6 MINS,Flying saucers hovering above our house... I'll remember for the rest of my life!,6/12/2008
10/10/1960 20:00:00,Kaneohe,HI,Light,15 minutes,"AS a Marine 1st Lt. flying an FJ4B fighter/attack aircraft on a solo night exercise, I was at 50,000' in a ""clean"" aircraft (no ordinan",1/22/2004