Date / Time,City,State,Shape,Duration,Summary,Posted
7/12/2017 22:30:00,Cavalier,ND,Triangle,~20 minutes,"2 triangle objects, appeared to be stationary, straight up from Cavalier very high in the sky. Suddenly one took off at high speed.",7/14/2017
7/5/2017 11:24:00,Fargo,ND,Circle,7 minutes,"Lights over North Fargo, ND. ((anonymous report))",7/7/2017
5/31/2017 1:14:00,Wahpeton,ND,Fireball,3 seconds,Huge orange-colored ball ripped across the sky from North to South. Was very loud and extremely fast. Sounded like a fuse on a firework,6/2/2017
3/16/2017 23:30:00,Ruso,ND,Light,30 seconds,((HOAX??)) Perpendicular objects admist in night sky. ((anonymous report)),3/17/2017
11/22/2016 2:30:00,Bismarck,ND,Circle,5 seconds,Rolla.,12/5/2016
11/7/2016 18:20:00,Fargo,ND,Triangle,5-8 seconds,"Was in the backyard hot tub looking up at the sky and looking for ""shooting stars, when a triangular figure appeared.",12/5/2016
11/7/2016 16:00:00,Lidgerwood,ND,Circle,1 minute,"Green circle dot in the sky, was there then gone with in seconds!",11/11/2016
11/7/2016 7:30:00,Lidgerwood,ND,Circle,~2 seconds,Green glowing circle stood in the sky then took up east was gone within seconds!,11/11/2016
11/4/2016 19:38:00,Sarles,ND,Fireball,10 seconds,Big green orb fell in diagonal line toward ground. fell very slowly. ((anonymous report)),11/11/2016
10/25/2016 18:45:00,Cary,ND,Triangle,10 minutes,3 lights in triangular formation moving slowly across tree line.,10/27/2016
8/13/2016 23:33:00,Fargo,ND,Sphere,6 minutes,"One craft seen in SE sky hovering over Red River. Moved--flashing lights for few sec., then went away 6-10 minutes.",8/16/2016
6/28/2016 9:00:00,Grand Forks,ND,Triangle,5 minutes,Black triangle UFO hovering East to West over a University Campus,7/8/2016
6/6/2016 2:16:00,Sentinel Butte,ND,Light,5 seconds,Still photo capture of 4 lights with unusual movement in the night sky.,6/24/2016
3/9/2016 4:00:00,Grand Forks,ND,Light,5 seconds,"Blue, flare like light.",3/11/2016
1/18/2016 16:00:00,Hillsboro,ND,Circle,5 minutes,"7 or 8 bright round, or cylinder shaped, orange balls,moving high across the sky in staggered, but straight line formation. Enter",1/20/2016
1/2/2016 23:47:00,Dickinson,ND,Fireball,1 second,"Fireball, orange then turns green.",1/5/2016
12/20/2015 22:00:00,Surrey,ND,Light,~5 seconds,"Around 2200 on 12/20, three low traveling blinking blue lights rapidly went from east to west out of site in just seconds.",1/5/2016
11/8/2015 21:37:00,Minot,ND,Unknown,25 minutes,Classified aircrafts with bright orange lights.,11/19/2015
9/18/2015 22:47:00,Bismarck,ND,Formation,18 minutes,Flashing Stationary Object for 18 minutes over the Western skyline,9/25/2015
9/18/2015 20:40:00,Bismarck,ND,Unknown,15 minutes,There was a great number of orange lights flying toward north. Almost looking like a flock of lights. Also similarly changing the posit,9/25/2015
8/26/2015 21:30:00,Fargo,ND,Circle,25 minutes,"25 orange circles moving fast over skies in Fargo, ND.",9/25/2015
8/13/2015 22:30:00,Bismarck,ND,Light,2 minutes,Bright light traveling east turned south and then appeared to remain motionless for no less than a minute before disappearing.,8/27/2015
8/12/2015 22:00:00,Davenport,ND,Other,75 minutes,A u-turning shooting star amongst an incredible amount of strange starry activity.,8/13/2015
8/9/2015 21:30:00,Valley City,ND,Unknown,30 minutes,"4 similar sightings in one night over Valley City, North Dakota.",8/13/2015
6/13/2015 1:00:00,West Fargo,ND,Disk,1 minute,Orange orb travels across night sky.,6/15/2015
4/3/2015 21:15:00,Rugby,ND,Triangle,5 seconds,"US-2, Just past Rugby, ND.",4/8/2015
2/17/2015 18:00:00,Newtown,ND,Light,20 minutes,This was seen by my family. I just got word over facebook about what was going on. brother former cop and also one other witness.,3/6/2015
11/5/2014 21:00:00,Minot,ND,Formation,30,"Lights Form Triangle Shape In Minot, ND.",11/6/2014
11/5/2014 18:30:00,Bismarck,ND,Formation,5 minutes,"I was sitting at a stop light, a couple of lights up in the sky caught my eye. It was three lights in the form of a triangle.",4/17/2015
10/17/2014 22:30:00,Mandan,ND,,4 minutes,2 intensely bright white lights in the north sky suddenly disappear.,1/7/2015
9/14/2014 0:00:00,Trenton,ND,Sphere,5 minutes,"At the lake, on the island, was an orange spherical light that flashed for a good 2 min. then started to head S., buzzed.",4/7/2017
9/13/2014 22:08:00,Trenton,ND,Sphere,4 minutes,"Small reddish-orange flickering sphere/ovoid object spotted moving south from Trenton, North Dakota.",9/18/2014
9/12/2014 23:25:00,Devils Lake,ND,Flash,5 seconds,I had seen a light streak that had appeared to go from a stop to gone in a flash. It was not like any shooting star i have ever seen t,9/18/2014
7/26/2014 9:00:00,Grand Fork,ND,Cigar,5 minutes,"Round, long, cylinder. White, non-metallic. Hovering no sound. Moves away slowly off into the distance. Object made no trails.",8/1/2014
7/25/2014 23:00:00,Grand Forks,ND,Light,10 minutes,Bright light in eastern ND sky.,7/26/2014
7/25/2014 22:15:00,Thompson,ND,Oval,5 minutes,Saw an object hovering over the interstate right outside of Grand Forks at night. It had a lot of blinking lights.,7/26/2014
5/23/2014 1:30:00,Minot,ND,Triangle,3-5 seconds,A triangular shaped group of approximately 20 intensely bright lights appear and disappear.,6/4/2014
1/25/2014 23:30:00,Washburn,ND,Light,10 minutes,Slow Moving Light West of Washburn.,1/30/2014
12/9/2013 11:45:00,Grand Forks,ND,Triangle,5 minutes,"Black triangle-shaped object over Grand Forks, ND.",12/12/2013
9/28/2013 22:30:00,Langdon,ND,Cylinder,1hour,"Object seen in west, northwest sky. Object appears to be Stationary but bobs up and down and side to side. Object is NOT moving with th",9/30/2013
9/24/2013 21:45:00,Hazen,ND,Cigar,6 seconds,"Long, cigar-shaped object; dark grey with three oddly-placed lights; rapid flight path and silent",9/30/2013
8/11/2013 23:30:00,Hazen,ND,Diamond,7 seconds,"Diamond shaped craft, charcoal gray, with four lights at the corners, moving silently at very high speed.",8/30/2013
8/5/2013 23:15:00,Bismarck,ND,Light,3 minutes,Light moving from SSW to NNE over Bismarck,8/30/2013
7/4/2013 21:00:00,Fargo,ND,Triangle,Unknown,Orange glowing triangle crafts unmoving above a corn field.,8/11/2017
7/3/2013 23:30:00,Fargo,ND,Oval,2 minutes,"Fuzzy orange oval shaped craft, emitted four beams of light for 3-5 seconds.",7/5/2013
9/3/2012 3:03:00,Grand Forks,ND,Changing,5 minutes,Firework- like balls of light dart and merge into a swelling ball of light.,9/24/2012
8/2/2012 0:00:00,Penn,ND,Other,1 minute,We saw a deep orange orb that night...,8/5/2012
6/20/2012 23:00:00,Grand Forks,ND,Circle,10 seconds,"Orb of light flew across the sky, airforce planes circled area of spotting.",1/10/2014
6/18/2012 7:00:00,Belcourt,ND,Other,7:00 AM,Weird writings,7/4/2012
6/12/2012 18:29:00,Minot,ND,Unknown,occuring,"Radar sighting, to significant to not report, this should be looked into and verified.",6/14/2012
5/14/2012 12:00:00,New Town (near; on Hwy 23 between city and Hwy 83),ND,Formation,On going..,"Seen what appeared to be tornadoes but couldnt possibly have been.. Sunny, high of 80s, and no clouds in the sky.",5/29/2012
4/25/2012 23:30:00,Bismarck,ND,Triangle,5 Seconds,~7 Orange lights in a triangular formation moving silently across the entire sky in about 4 seconds before disappearing into the night.,5/13/2012
4/20/2012 0:43:00,Fargo,ND,Triangle,0:45,Three extremely bright lights north of NDSU appeared and disappeared quickly.,5/13/2012
4/14/2012 6:00:00,Belcourt,ND,Circle,5 minutes,The falling stars somtimes stop,2/4/2013
4/11/2012 21:58:00,Casselton,ND,Triangle,3-5 seconds,Triangle with 3 lights near the points,5/13/2012
4/11/2012 21:48:00,Casselton,ND,Triangle,3-5 seconds,"Father and daughter witness a triangular craft, w/ lights in corners, streak across the sky E to W.",4/18/2012
3/1/2012 3:00:00,Williston,ND,Other,15 minutes,Strange craft may have caused shorts on rail road tracks,11/19/2012
12/20/2011 18:45:00,Mayville,ND,Light,15 MIN,Slow moving Ball of White Light with several different other colors attached above small town in ND,1/12/2012
12/5/2011 23:00:00,Fargo/Valley City (between),ND,Teardrop,Less than a minute,"Blue orb, descended thousands of feet, Fargo",12/12/2011
9/29/2011 22:30:00,Bismarck,ND,Triangle,8-10 seconds,"Sept 29, 2011 3 dot triangle form fast moving, group for 8-10 seconds, no sounds no strobes no idea.",10/10/2011
9/21/2011 23:30:00,Minot AFB,ND,Triangle,<5 seconds,3 Dark Red Triangular shaped lights moving at an extreme rate of speed over an Air Force Base.,10/10/2011
9/20/2011 21:35:00,Minot,ND,Other,8 sec.,"Cresent shaped solid object, silent, with no lights seen over minot n.d. moveing south east 15 min. ago.",10/10/2011
8/6/2011 22:50:00,Fargo,ND,Light,3 seconds,A very bright light just appeared and did a semi-circular swoop and disappeared into the distance.,8/21/2011
8/6/2011 21:15:00,Halliday,ND,Fireball,2 or 3 minutes,"Bright orangish/red burning object moved slowly above the treetops, then turned & moved away from us & disappeared.",8/21/2011
7/4/2011 22:15:00,Minot,ND,Oval,~1 minute,Bright orange fast mover.,11/19/2012
7/4/2011 21:00:00,Dickinson,ND,Light,10-15 minutes,"Lights in Dickinson, ND.",11/14/2014
4/12/2011 21:55:00,Minot,ND,Light,2 seconds,Light traveled half way across the night sky in less than 2 seconds and then vanished with no sound at all.,5/2/2011
4/7/2011 1:40:00,Grand Forks,ND,Changing,10 seconds,Multiple objects over Eastern North Dakota.,5/2/2011
3/30/2011 22:10:00,North Bismarck,ND,Triangle,1 hour,"Small white glowing orbs, dark objects, floated, noisless",5/13/2012
7/24/2010 1:00:00,Williston,ND,Triangle,over 5 hours,triangle sighting that was in the same spot for over 4 hours only moved in figured 8 ways ((NUFORC Note: Probably not a UFO. PD)),7/28/2010
7/13/2010 13:00:00,Devils Lake,ND,Cylinder,75 seconds,Photograph of rod or cylinder shaped object,8/5/2012
7/4/2010 21:45:00,Richardton,ND,Teardrop,3 min.,My wife and son and I were watching fire works towards the west side of town from the east and we saw a fire shape bell object leave fr,7/6/2010
6/4/2010 22:00:00,Bismarck,ND,Light,30 min,green spotlight and 3 lights,6/10/2010
4/10/2010 22:00:00,Fargo,ND,Formation,10 - 15 seconds,Six pairs of side by side amber lights moving in a V formation.,4/13/2010
11/24/2009 19:45:00,Garrison,ND,Oval,15 minutes,11 orange oval objects moving under perceived intelligent control,12/12/2009
10/9/2009 21:30:00,Grand Forks,ND,Triangle,5-10 minutes,I spotted a large trinagular shaped craft travelling slowly over the southside of Grand Forks while stargazing in fall of 2009.,3/27/2014
8/21/2009 23:00:00,Mandan,ND,Light,5 minutes,pulsating light moving south to north,8/27/2009
8/13/2009 23:00:00,Minot,ND,Triangle,5 seconds,"3 orbs in triangle shape passed over an airplane, headed NW across Minot, ND.",8/27/2009
8/13/2009 11:56:00,Grand Forks,ND,Triangle,3-5 seconds each time,"Triangle shaped UFO with 3 dots in each corner no lights, sphere and worm like object in sky",8/27/2009
8/10/2009 22:30:00,Minot AFB,ND,Triangle,45 minutes,"Triangle UFO with a mysterious lead pod/craft, accompanied by approx 30 yellow lights in a swept-wing formation observed at Minot, ND.",9/24/2012
5/25/2009 1:38:00,Grand Forks,ND,Triangle,4-5 seconds,"Shaped like ^ ---and had lights across it, they lights were in a row and moved in a row upwards then the lights went completely off",6/9/2009
5/17/2009 4:05:00,Fargo,ND,Other,15 seconds,2 luminescent glowing forms criss-crossing across the night sky.,6/9/2009
4/11/2009 11:20:00,Bismarck,ND,Disk,3 seconds,silver disc shaped object flying extremely fast at a low altitude,5/12/2009
11/14/2008 21:00:00,Langdon,ND,Flash,5 minutes,"An orange, glowing shape followed me in my pickup causing it to die and interfered with my phone outside of Langdon, North Dakota.",1/10/2009
10/19/2008 1:00:00,Minot,ND,Triangle,2 Hours,"Obj. with 6 lights,triangular in shape with a tail, moved from the S area in the sky to the N and then just hovered.",10/31/2008
9/10/2008 22:30:00,Bismarck,ND,Changing,3 hours,"Illuminating light surveys the North Dakota Capitol, Bismarck",10/31/2008
8/31/2008 1:10:00,Williston,ND,Triangle,4 - 5 Seconds,Three orange dots in a triangular shape over ND,10/31/2008
8/24/2008 1:00:00,Casselton,ND,Unknown,Evening,"Imitates aircraft; red, blue & amber lights in the evenings, same place every evening; there are others nearby.",10/31/2008
8/20/2008 3:00:00,Grand Forks AFB,ND,Unknown,45 minutes,"""Star"" war in night sky",10/31/2008
8/7/2008 23:00:00,Hazen,ND,Cylinder,10 seconds,"Big and huge and very silent ,with dim lights all around it",8/12/2008
6/30/2008 23:00:00,Bismarck,ND,Rectangle,7-8 minuets,2 red lighted objects over Bismarck Nd,7/5/2008
1/15/2008 21:00:00,Colfax,ND,Disk,@ 1-2 Min,Lighted object on the ground in an empty snow covered field,7/29/2010
1/3/2008 2:30:00,Hope,ND,Unknown,2 minutes,Large bright orange light moving to the south changed to green and disappeared into the northern black sky.,1/21/2008
9/1/2007 22:15:00,Minot,ND,Triangle,20 seconds,"Smooth moving black triangular shaped object with white dots on bottom, flew over us at about 500 feet above us.",10/8/2007
8/13/2007 1:00:00,Hazelton,ND,Sphere,15 mins,Mostly white with a little color spherical object moving erratically through the North Dakota sky near Hazelton.,8/14/2007
6/20/2007 23:45:00,Wheatland,ND,Circle,2Min,Orange Sphereical Unknowen craft over Eastern North Dakota,8/7/2007
6/19/2007 22:50:00,Williston,ND,Light,4min,"circle lights, white colored. ((NUFORC Note: Space Shuttle w/ ISS?? PD))",8/7/2007
5/26/2007 18:30:00,Fargo,ND,Changing,30MIN,BRIGHT HOVERING OBJECT. ((NUFORC Note: Venus. PD)),6/12/2007
4/14/2007 22:40:00,Grand Forks,ND,Light,10 SEC,Satiellite looking objects about to intersect when one changed its direction of travel.,4/27/2007
11/13/2006 7:01:00,Strasburg,ND,Teardrop,28 Minutes,"My wife and I were heading south out of Strasburg, North Dakota scanning the morning sky for ducks and geese flying out to field feed,",12/7/2006
10/25/2006 19:30:00,Mandan,ND,Circle,5 minutes,10-25-06 Circle North Dakota 5 minutes Shiny object paused 10-15 seconds then began to zig-zag,12/7/2006
8/19/2006 5:13:00,Fargo,ND,Flash,15-20 seconds,Update on bright flare...,10/30/2006
8/19/2006 5:11:00,Fargo,ND,Light,15-20 seconds,Very bright object flares even brighter. ((NUFORC Note: Probable sighting or Iridium 54. PD)),10/30/2006
7/7/2006 1:40:00,Max,ND,Other,30 minutes,awakened by a glow of bright light I was transformed to a fufilled man,3/4/2008
4/17/2006 0:00:00,Grand Forks,ND,Circle,,UFO looked black and moved very slow with no lights and was circular,5/15/2006
4/17/2006 23:00:00,West Fargo,ND,Circle,3 seconds,Small blue light traveling quickly across the sky.,5/15/2006
1/4/2006 5:00:00,Grand Forks,ND,Light,3 seconds,The sky turned green and electricity went haywire!,2/14/2006
7/8/2005 10:15:00,Fargo,ND,Egg,10 minutes,slow-moving cigar/egg shaped object seen above Fargo,12/16/2005
7/3/2005 23:00:00,Underwood,ND,Light,2 hours,4 white lights at high altitude,7/5/2005
5/28/2005 2:00:00,Tuttle,ND,Disk,,A 16 year old girl sights saucer in Tuttle ND.,6/20/2005
2/25/2005 22:20:00,Glen Ullin,ND,Chevron,45minutes,sighting in western north dakota,4/16/2005
11/14/2004 21:45:00,Max,ND,Flash,5 minutes,Flashing lights moving quickly in the sky,12/3/2004
11/9/2004 6:20:00,Minot,ND,Fireball,5 seconds,"Green fireball near Minot, ND",12/3/2004
9/15/2004 21:45:00,Jamestown,ND,Triangle,45 minutes,"Rotating triangular lights fly overhead, stops and hovers in sky for 30 min before taking off at extremely high speeds.",3/19/2009
9/15/2004 2:00:00,Minot,ND,Other,2 minutes,"An amber colored, tylenol shaped something above our house in North Dakota.",6/12/2008
8/14/2004 4:15:00,Bismarck,ND,Circle,1 hour,"Large circular object with ports or windows giving off blue green to white lights extremely large, no movement. (Venus??))",8/24/2004
8/12/2004 0:00:00,Fort Yates,ND,Unknown,3 hours,"UFO charged couple, raced at them and played with them for a few hours.",8/24/2004
8/8/2004 15:30:00,Fargo,ND,Cigar,1 second,"Large, bright silvery object moving very rapidly inside chemtrail.",8/11/2004
6/26/2004 0:20:00,West Fargo,ND,Triangle,5 seconds,"triangular craft in west fargo, ND",7/8/2004
1/13/2004 15:00:00,"North Dakota (over, inflight)",ND,Other,10 minutes,Short markings in sky. Looked like black line segments.,3/2/2004
12/1/2003 5:00:00,Dickinson,ND,Triangle,10 seconds,Triangular UFO with lights on the exterior,12/9/2003
11/28/2003 23:45:00,Bismarck,ND,Other,20 minutes,We spotted unusual bright lights and drove to investigate. It came towards our vehicle as if it were going to hit us.,12/9/2003
8/24/2003 14:42:00,Wahpeton,ND,Light,15 SECONDS,"AN ORANGE LIGHT THE SIZE OF A STAR IN THE SKY THAT FLASHED, LEFT, CAME BACK AND LEFT FOR GOOD",8/28/2003
8/24/2003 2:00:00,Minot,ND,Oval,5 SECONDS,Oval object with 3 lights flew over town.,7/16/2006
8/22/2003 22:30:00,Minot (Burlington actually but put minot bc its 7 miles a),ND,Oval,7 seconds,"Oval , Yellow- Orange craft seen fly rapidly from NNW to zenith then to the east and vanish",3/2/2004
8/2/2003 22:52:00,Tioga,ND,Disk,2 minutes,"5 of us saw it on top of a roof, looks like a star and moves faster than an airplane....then vanishes.",8/4/2003
7/30/2003 22:50:00,Tioga,ND,Unknown,30 minutes,A blue light that moved fast in the sky then slowed rapidly turned red and then faded.,8/1/2003
1/16/2003 16:30:00,Wildrose,ND,Triangle,25 min,made a humming buzzing noise grey in collor got withen an 1/8 of a mile from it.,3/21/2003
12/24/2002 22:00:00,Hebron,ND,Light,4-5 min.,bright white light took off away from my location at increadible speed.,8/5/2009
11/19/2002 5:00:00,Mercer,ND,Disk,15 mins,There's lights in sky out there and no one is doing nothing about it .. Are really being invaded?,12/23/2002
8/30/2002 23:00:00,Dickinson,ND,Triangle,2 minutes,Three points of light similar to a satelite forming a triangle gliding across rthe sky with consitant light intensity staying on course,9/6/2002
2/20/2002 22:15:00,Hickson,ND,Diamond,10-15 minutes,Large object south of mid size city on busy Hwy that wasn't busy that night.,6/12/2002
12/20/2001 19:30:00,Aneta (by/near),ND,Circle,15 seconds,Coming from Grand Forks going west on highway 15. We were looking at Christmas lights when we noticed 5 white lights to the south of us,1/11/2002
10/27/2001 6:30:00,Napoleon,ND,Light,10 minutes,"Looked like a satelite, but made turns and loops",11/20/2001
10/27/2001 6:30:00,Napoleon,ND,Light,10 minutes,"Bright star like light doing loops, circles, then darting off.",1/11/2002
10/15/2001 22:30:00,Wahpeton,ND,Egg,,It lasted about 10 min. but seemed longer.,8/16/2002
7/22/2001 23:00:00,Fort Totten,ND,Other,1 hour,moving objects in the sky,8/5/2001
7/20/2001 22:00:00,White Butte (near),ND,Circle,15 seconds,"Red -orange firey disk that flew past me slowly, and then speedup and was out of sight in about 10 seconds.",10/31/2003
12/1/2000 17:20:00,Devils Lake,ND,Diamond,5 minutes,"zig-zag moving craft, with four white lights, at a great speed",12/5/2001
10/4/2000 1:57:00,Fargo,ND,Triangle,3 minutes,triangle shaped with no noise,12/2/2000
9/15/2000 19:00:00,Belfield,ND,Disk,10-15 minutes,"first I see a bright light appearing like a very bright star, it starts to waver, which called my attention to it,",8/28/2002
7/1/2000 2:30:00,Bismarck,ND,Light,10 min.,A small light slightly bigger than the surrounding stars darting to and fro for about ten minutes.,12/2/2000
1/15/2000 22:30:00,West Fargo,ND,Sphere,15 minutes,"Bright glowing red orb. Did not emit any smoke, noise, or apparent heat. Moved at about 10 mph from northwest horizon to southeast hor",10/30/2006
11/9/1999 20:30:00,Mandaree,ND,Circle,5 minutes,many lights on bottom large that looked like windows,12/9/2000
9/11/1999 5:50:00,Fargo,ND,Light,35 min.,"i was outside at work and saw in the east, a very bright light. in an otherwise starless sky.stationary at first. but then extreemly sl",9/12/1999
5/26/1999 22:05:00,Theodore Roosevelt National Park exit 32 on I-94 North Dakot,ND,Other,5 minutes,while traveling home from Seattle I stopped at the rest area a Teddy R. Park and saw something that I didn't need to see.,6/23/1999
5/20/1999 14:00:00,Cartwright,ND,Rectangle,4 minutes,The aircraft was rectangle in shape and moved very slow with no sound.,4/27/2007
4/23/1999 2:30:00,Fargo,ND,Triangle,three seconds,Brief horizon to horizon motion by three inter-weaving craft.,12/16/1999
4/7/1999 13:30:00,Fargo,ND,Other,12 seconds,a friend and i were were walking outside and looked up at an airplane flying high in the sky. right away i noticed an oject flying behi,11/20/2002
9/22/1998 20:00:00,Fargo,ND,Triangle,Unknown,We saw a light in the sky that was hovering and moving too oddly to be a terrestrial aircraft.,4/26/1999
8/14/1998 16:00:00,Burlington,ND,Fireball,5 minutes,Fireball at Des Lacs and Souris River Forks,5/15/2013
8/11/1998 0:15:00,Mandan,ND,Disk,30+ min.,I viewed an object that looked like a star initially but when viewed standing still it moved slightly. It looked like lights were flash,11/1/1998
1/15/1998 20:30:00,Fargo,ND,Fireball,3-6 seconds,"8 glowing red balls the size of quarters weaving in and out of each other, heading SW.",8/28/2003
1/13/1998 1:00:00,Minot,ND,Fireball,5 seconds,I observed a large alien craft in the night sky...,1/28/1999
7/17/1997 23:00:00,Belfield,ND,Light,15 minutes,lights moving in perfect formation together.,7/25/2004
1/1/1997 7:00:00,Jamestown,ND,Changing,around 10 mins,"AUTHOR""S SUMMARY: The object was around the size of a small car it changed shape and light color and pattern as it moved. it was silen",10/12/2001
11/24/1996 19:30:00,Bismarck,ND,,60 sec.,"Nat. Weather Serv. meteorologist repts. peculiar, round, orange obj. in S sky. ""Like orange of space shuttle exhaust."" Not star.",11/2/1999
11/24/1996 18:07:00,Bismarck,ND,Light,60 sec.,"Nat. Weather Serv. empl. sees a small, circular, distinctly flame-orange obj. in the S sky. Brighter & larger than brightest star.",11/2/1999
10/11/1996 16:00:00,Bismarck,ND,Formation,6,5 white lights in formation,11/8/2005
7/3/1996 11:30:00,Beach,ND,Disk,,"30' x 40' grey saucer w/ dome/windows above, glowing orb below, 6 legs, 3 antenna approaches, hovers over truck. Very credible.",11/2/1999
5/29/1996 23:10:00,Menoken,ND,Sphere,10 minutes,"Brightly glowing ball of light motionless, then moving, then motionless.The object moved at various angles around an airport.",1/28/1999
1/23/1996 20:15:00,Minot,ND,,15 min.,,2/18/2011
11/21/1995 23:30:00,Washburn,ND,Triangle,20 seconds,A bluish triangular object moving in a clockwise direction.,11/28/2007
10/25/1995 16:55:00,Brunswick County,ND,,30 min.,"Sheriff's office calls to rept. that deputy, 20 mi. SSE of Wilmington, is looking at peculiar, bright white, strobing light.",11/2/1999
8/26/1995 23:00:00,Williston,ND,,10 min.,"Man, wife, and 2 adults witness peculiar, bright white light pacing their car on highway. Two other lights appear, move around sky.",11/2/1999
8/17/1995 20:45:00,McKenzie,ND,,10 sec.,"Husband & wife witness strange, red beam of light stream through screened window of mobile home. 10-12"" wide. Very alarmed.",11/2/1999
7/20/1995 16:00:00,Mandan (south of),ND,Other,90 seconds,Arrow-shaped balls of light.,3/18/2014
4/20/1995 0:02:00,Fargo,ND,,2 min.,"Female student w/ friend witness huge red light in sky. 2 others witness. Obj pulsated, started to flicker. Winked out.",11/2/1999
4/2/1995 13:00:00,"Central U.S. (enroute, in-flight)",ND,Diamond,a few seconds,My family and I were flying from St. Peters FL to Winnipeg MB. We had been in the air for about 1.5hrs. I looked out my window on the r,4/2/1999
2/19/1995 0:05:00,Fargo,ND,,10 min.,"Red light seen over Fargo below clouds. Hovered for 10 min., faded, flashed, slowly moved east. Seen twice.",11/2/1999
3/26/1991 20:30:00,Wishek,ND,Sphere,2 minutes,Double sphere object came floating in. Stopped and then sped off at lightning speed.,2/21/2014
11/1/1990 11:00:00,Tappen,ND,Flash,5-7 seconds,Pulsing white light travelling extremely fast from West to East,9/28/2017
9/15/1990 18:00:00,Forest River Colony,ND,Unknown,~15 minutes,Saw a hovering craft with lights while hunting on Forest River Colony land. The craft made no sound and flew extremely fast.,8/17/2017
6/15/1983 22:00:00,Belfield,ND,Unknown,5 minutes,Hovering object. Summer night. Red/green blinking light. No wind. No sound from object. Slowly began to move and slowly fly away.,6/1/2016
5/20/1983 21:30:00,Valley City,ND,Other,15 minutes,"An object comprised of 4 or 5 metalic orbs in a row, moving West to East, and returning every 5 minutes following a parallel path.",5/4/2004
9/1/1982 0:00:00,Nome,ND,Light,?,my brother and i witness a green light and followed it on foot and the craft was moving at great speed to 1 end of the town to the next,11/1/1998
6/1/1979 0:00:00,Minot,ND,Rectangle,3-4 mins,"Large rectangular object hovering over Minot Air Base, ND.",12/9/2003
7/15/1978 23:00:00,Fargo,ND,Triangle,1 minute,"Glowing triangular object, composed of smaller triangles, floated silently across sky from NE to SW.",1/28/1999
7/15/1978 18:00:00,Amenia,ND,Disk,hour,"Hovering disc over WDAY tower east of Amenia, ND.",2/14/2008
6/1/1977 23:00:00,Grand Forks,ND,Circle,,thin round object hovered in air,5/12/2009
3/27/1977 22:00:00,Grand Forks,ND,Unknown,10 minutes,Lights in the sky that came to us.,4/29/2016
7/15/1976 15:00:00,Berthold,ND,Cigar,10:00,Bright violet cigar shaped Berthold North Dakota,11/28/2007
6/26/1976 11:00:00,Fargo,ND,Disk,5 minutes,"Well. it's been 35 years, just about. I have finally contacted one other person who was with that night. Besides me, my sister, her fri",11/21/2010
10/15/1975 18:00:00,Williston,ND,Disk,5 Minutes,Missing Time,12/16/2005
6/30/1974 22:00:00,Minot,ND,Other,30 minutes,"Translucent arch over road, small cloud that changed colors and sparkled.",1/10/2009
7/20/1970 19:00:00,Kindred,ND,Oval,10-15 min.,"When I was six, my mom and I witnessed a large glowing orb that flew alongside our car.",8/5/2001
6/6/1968 22:00:00,Minot,ND,Disk,30mins,Minot 1968 missle arming,6/18/2004
6/1/1968 23:20:00,Minot,ND,Cigar,2min,in 1968 while standing at gi corner a cigar shaped ship moved above me moving at a speed as that of a zepplin. it had colored lights al,4/27/2007
9/15/1966 0:00:00,Minot AFB,ND,Cigar,,"UFO takes 10 Minuteman ICBMs ""off alert.""",5/20/2016
12/31/1961 22:00:00,Williston,ND,Formation,30 mins,Winter of 61-62 or 62-63; large illuminated white lite with several small blue lites converging to and then dimming,1/28/1999
8/28/1960 21:00:00,Dickinson,ND,Circle,2 min,There was no sound no air movement and it moved off very fast .,3/21/2003
9/7/1958 19:00:00,Arthur,ND,Unknown,5-15 min.,Two lights of alternating color traveling and stopping at unexplainable rates of speed.,10/31/2003
9/1/1958 20:00:00,Fargo,ND,Disk,15 min,Flying Saucer seen while driving home from work.,5/27/2003
6/15/1947 14:00:00,Gackle,ND,Other,aprox. 1 hour,Alien hawk sighted in North Dakota,12/3/2004
9/15/1934 15:30:00,Valley City (6.5 miles east of),ND,Disk,5 seconds,"Two brothers observe, hear, three black discs streak overhead, moving from SE to NW; below high overcast. 500 Lights On Object0: Ye",6/12/2008