Date / Time,City,State,Shape,Duration,Summary,Posted
6/14/17 20:45,Corinth,MS,Unknown,Still occurring,"Unknown flying object over Corinth, MS.",6/15/2017
5/31/17 23:30,Long Beach,MS,Oval,45 minutes,"Bright oval shape in sky, seemed to change shapes,looked as if some very dark almost black rectangle shape came to this oval l",6/9/2017
5/31/17 22:00,Oxford,MS,Other,<1 minute,Low flying object with no lights or sound.,6/2/2017
4/18/17 22:50,Long Beach,MS,Oval,2 minutes,"Green oval turns colors, hovers, moves around fast, then disappears.",4/20/2017
4/7/17 22:30,Tougaloo,MS,Circle,5 minutes,Big gold circle flying over the trees and wasn't making noise. we was on brown street in north hill apartments and it just disappeared,4/13/2017
3/21/17 19:50,Southaven,MS,Fireball,90-120 seconds,"My name is At 19;50/7:50 pm I observed a fire ball Moving thru the air very fast,from almost Due south to Due north.. I was standing",3/23/2017
3/12/17 3:15,Columbus,MS,Sphere,2 seconds,I walked outside for a smoke break on my nightshift and looked at the sky (to clear my head) and saw a blue orb zip across the sky.,4/7/2017
3/9/17 20:49,Jackson,MS,Cigar,5 minutes,"I was on my way home from a class, and I noticed a large object just north of Countyline Road. Initially, I thought it was an airplane",4/7/2017
3/6/17 21:48,Meridian,MS,Diamond,10 seconds,What I saw zipped across the sky so fast; it was diamond in shape.,3/10/2017
2/23/17 21:00,Hamilton,MS,Sphere,2 hours,"There were 3 maybe more , they were pulsing bright lights. The stayed in a triangle formation for the most part. ((anonymous report))",3/10/2017
2/7/17 21:47,Bay St. Louis,MS,Oval,3 minutes,"The object was round and admitted light,but made no sound Like electro magnetic propulsion system.The object was moving from east to w",2/10/2017
1/20/17 5:45,Long Beach,MS,Light,Few minutes,"Satellites, drones or something else?",2/22/2017
1/16/17 19:00,Oxford,MS,Circle,30 minutes,Multi-light ferris wheel shaped object in the southwestern sky with a smaller light tracking it. ((NUFORC Note: Venus. PD)),1/19/2017
1/11/17 6:30,Madison,MS,Unknown,15-20 minutes,"is one of many occasions. can spontaneously change direction, speed, altitude. Hovering occurs, many patterned lights underneath",1/19/2017
12/30/16 20:00,Miss Point,MS,Unknown,15 minutes,We were heading north on Hwy 63 and saw a glow in the sky just north of Trent Lott airport. ((anonymous report)),1/6/2017
11/30/16 23:30,Camp Shelby,MS,Unknown,1 second,"UFO arc maneuver near Camp Shelby, MS, air space/AO.",12/5/2016
11/24/16 0:05,D'iberville,MS,Light,5 minutes,"Mysterious Red-blinking Lights Appear and Disappear, After Hovering Stationary Over Busy Shopping District in Biloxi, MS.",12/5/2016
11/15/16 3:45,Saltillo,MS,Fireball,7 seconds,"Bright silver/white ""streak"" with an est. alt. of maybe 1000-1200' above tree line, NE of Saltillo. ((anonymous report))",12/5/2016
11/11/16 17:30,Moss Point,MS,Light,5-10 minutes,Floating lights in the early night sky. 12 lights approx. 200 feet from the ground.,12/5/2016
10/29/16 6:00,Sumner,MS,Light,5 minutes,Reddish orange light 20 to 25 degrees above the horizon in the northern sky around 6:00 AM.,11/4/2016
10/27/16 19:00,Petal,MS,Other,20 minutes,"Low slow boomerang shaped craft with bright lights, disappearing and reappearing ((anonymous report))",11/4/2016
10/24/16 21:40,Bay Saint Louis,MS,Triangle,~5 minutes,I was driving home when I noticed several lights I thought to myself I don't remember a tower being there as I kept driving I was like,10/27/2016
10/23/16 20:35,Gulfport,MS,Circle,10 minutes,Huge Red pulsating ball seen in the western sky around 8:35 pm. Craft was low on the horizon traveling north. Disappeared and then ca,10/27/2016
10/23/16 19:45,Louisville,MS,Triangle,30 minutes,Triangular UFO with one bright light at the point.,10/27/2016
10/15/16 2:00,Clarkdale community (Meridian),MS,Circle,1-2 hours,Different colors circular object non movement in same spot numerous times; no sound; light beams to ground seen twice,10/27/2016
10/13/16 19:00,Ocean Springs,MS,Light,25-30 seconds,"They looked like floating lights, but as we got closers they got bigger and started turning. We thought is was a drone but as it got in",10/21/2016
10/13/16 9:45,Gulfport,MS,Other,10 minutes,"I saw a long oblong shaped craft, tilted on its side hovering with no noise moving silently. ((anonymous report))",10/21/2016
9/27/16 4:45,Moss Point,MS,Light,30 seconds,Huge solided red light in the sky. ((anonymous report)),9/30/2016
9/19/16 22:00,Saucier,MS,Light,3-4 hours,Several white lights along with one orange light 5 nights in a row. Made impossible movements with quick moving and sudden stops.,9/30/2016
9/13/16 22:20,Corinth,MS,Light,35 minutes,"Pink star UFO hovering in the trees of Corinth, MS",9/15/2016
9/11/16 7:00,Pontotoc,MS,Light,1 hour,White lights over Mississippi. ((NUFORC Note: Possibly a flying insect?? PD)),9/15/2016
9/11/16 0:30,Brandon,MS,Flash,1 second,Blindingly bright flash of light that zipped off into the sky noiselessly.,9/15/2016
9/2/16 18:00,Gulfport,MS,Triangle,Unknown,Strange lights over large plum of smoke.,9/9/2016
8/9/16 4:00,Jackson,MS,,,"Lights in the sky east of Mississippi, can be seen from Jackson. A small light came down in the neighbors' front yard.",8/16/2016
7/12/16 20:54,Biloxi,MS,Disk,1 minute,We were sitting on the beach and we saw a red flashing light. I thought it was a plane and then my boyfriend pointed out that you could,7/15/2016
7/4/16 21:20,Lena,MS,Cylinder,30 seconds,We were watching the Lena fireworks from a nearby field from a parked truck.... we saw a small red glowing cylinder moving fairly quick,7/8/2016
6/25/16 23:15,Flowood,MS,Flash,15 minutes,"Small yellow light, intermittent light, then dark,light,then dark, then bright flash,then dark,light, dark then light,then bright flash",7/8/2016
6/9/16 1:00,Lucedale,MS,Flash,10 minutes,Was setting on my porch last night with my daughter and wife when we heard a very loud aircraft sound to the north and then silent. T,6/10/2016
5/15/16 0:01,Lucedale,MS,Triangle,30 minutes,4-7 Triangular objects with lights observed hovering over South Mississippi May 2016,6/3/2016
5/7/16 21:00,Philadelphia,MS,Fireball,10 minutes,"Wife and I were on Hwy 15 North 5-7 mi. outside of Philadelphia, MS, when we noticed a hovering group of 5-7 fireballs.",5/10/2016
5/5/16 22:20,McComb,MS,Light,1 minute,"Lights, bright white, about street light in elevation.",5/6/2016
5/3/16 21:15,Mize,MS,Other,4 hours,A very clear yellow light about two feet in diameter in center of about an eight foot object was landed in the SW corner of our field a,6/10/2016
4/29/16 21:30,Ocean Springs,MS,Light,5 minutes,"Around 7 orange lites, 3 of which were flying in a rectangular formation.",5/6/2016
4/8/2016,Starkville,MS,Light,,I live around a lot of air traffic usually has the same pattern notice it out of the corner of my eye as a star.,4/15/2016
1/12/16 19:00,Columbia,MS,Triangle,,"Aunt, sister, and I was traveling home when we notice a colorful flying object in the sky on the opposite side of the hwy..",1/14/2016
1/11/16 21:00,Biloxi,MS,Teardrop,45 minutes,"Bright red lights moving slowly, that hovered shortly, no noise, then went straight up and disappeared a minute later.",1/14/2016
12/18/15 17:35,Philadelphia,MS,Other,~2 minutes,Craft seen with lights on top and bottom.,12/21/2015
12/17/15 23:00,Pope,MS,Triangle,~10 minutes (twice),"Two white lights together in western sky north Ms, 12/17/15",12/21/2015
12/17/15 19:00,Madison,MS,Disk,40 minutes,"TWO DISC SHAPED UFO'S CHANGING FROM RED TO GREEN IN MADISON, MS.",12/21/2015
12/17/15 18:50,Madison,MS,Sphere,7 minutes,"Red, spherical lights moving slowly in the sky.",12/21/2015
12/15/15 2:05,Hattiesburg,MS,Oval,5 seconds,"I saw what appeared to be a blue orb or disc shaped UFO streak across the sky, at around 2 am in the morning.",12/17/2015
12/14/15 19:00,Madison,MS,Sphere,2 minutes,"Sphere with red and green lights hovering over Ross Barnett Reservoir in Madison, MS. ((NUFORC Note: Sirius?? PD))",12/21/2015
11/19/15 18:17,Forest,MS,Fireball,2 seconds,Red orange in the sky.,11/26/2015
11/12/15 21:37,Sherman,MS,Oval,seconds,"Faint white glow, hung in the air over Highway 9 just past Endville Road. 2-3 seconds after observation, it moved to the west fairly qu",11/19/2015
11/8/15 18:50,Utica,MS,Fireball,1:05,From the window of my second floor apartment my daughter (12) began shouting for me to look at these lights in the sky. She thought it,11/19/2015
10/15/15 20:30,Ellisville,MS,Formation,3 minutes,Formation of red lights flying over Ellisville Mississippi,10/16/2015
10/13/15 4:15,Biloxi,MS,Other,1 hour+,I noticed a bright light; much brighter than a star hovering in the sky. ((NUFORC Note: Venus. PD)),10/16/2015
10/11/15 3:00,Lumberton,MS,Oval,Unknown,"Extremely bright brilliant white oval hoovering in the E sky outside of Lumberton, MS, near Carnes area. ((NUFORC Note: Venus? PD))",10/16/2015
9/25/15 4:00,Perkinston,MS,Circle,Seconds,We were driving back from my sisters home we are all night owls so our visits are at night. We came up on a hill and this huge bright,9/25/2015
9/19/15 22:30,Nesbit,MS,Circle,10 minutes,Solid objects with vapor like circle around them flying fast.,9/25/2015
9/13/15 22:00,Meridian,MS,Circle,3-4 seconds,Circular green object moving from north to south overhead.,9/25/2015
9/13/15 6:00,Decatur,MS,Light,5 minutes,Shining object released from plane?,9/17/2015
9/9/15 20:00,Diamondhead,MS,Fireball,30 seconds,Green fireball.,9/11/2015
9/8/15 8:00,Grenada,MS,Circle,N/A,Just circle of lights standing still.Spotted the first one it was multi colored red white blue and as we got off the porch to look my f,9/11/2015
8/26/15 20:00,Carriere,MS,Fireball,45 seconds,Bright orange fireballs moving very fast--at least 8.,8/27/2015
8/20/15 21:00,Southaven,MS,Fireball,3-4 hours,Hovering red object(s) nightly along with triangular forming white orbs,8/27/2015
7/23/15 22:00,Hattiesburg,MS,Triangle,10 minutes,"I saw a triangular UFO with red and white lights while driving on Hwy 98 in Perry County, MS.",8/13/2015
7/23/15 2:23,I-10 (MM# 15; 10 mi. N of MS),MS,Cylinder,1 second,"A black tube, surrounded by blue lightning, shot across the sky and disappeared with a flash and an electrical surge.",7/31/2015
7/14/15 22:00,Hattiesburg,MS,Triangle,15 minutes,"I saw a triangular UFO with red and white lights while driving on Hwy 98 in Perry County, MS.",8/13/2015
7/4/15 0:00,Ocean Springs,MS,Fireball,5 minutes,Sittin on the front porch around 11pm-midnight when me and my two roommates notice this red fireball like orb appear in the sky towards,7/6/2015
6/19/15 1:45,Meridian,MS,Circle,10 seconds,Saw object at very close range next to residence hovering.moved very rapid and sent out bright blue flash and vanished into night sky.,10/9/2015
6/16/15 20:30,Pascagoula,MS,Formation,20 seconds,Series of unexplained lights over Mississippi Sound.,6/19/2015
6/12/15 0:00,Byram,MS,Triangle,2 seconds,A glowing white triangle moving so fast it created a red tail behind it.,6/15/2015
6/6/15 21:11,Leakesville,MS,Circle,throughout the night,"There were balls of light that would move through the sky some fast some slow. They were white, and were of varying sizes. They would f",6/15/2015
6/3/15 20:40,Richland,MS,Other,8 minutes,"I, along with 6 witnesses saw Fleets of UFOs disappearing into portal I have 4 1/2 min of video.",6/15/2015
6/3/15 0:05,Poplarville,MS,Chevron,1 hour,"8 chevron shaped UFOs over Poplarville, MS; two disappeared.",6/5/2015
6/2/15 20:00,Blue Springs,MS,Circle,15 minutes,White or with chopper following it.,6/5/2015
5/23/15 5:45,Ridgeland,MS,Fireball,5 minutes,About 30 amber to orange lights moving north on the west side of I-55.,5/29/2015
5/20/15 22:00,Courtland,MS,Changing,5 minutes,I saw a star that turned into a UFO and then disappeared. ((NUFORC Note: Star or planet? Possible hoax?? PD)),5/29/2015
5/20/15 21:34,Tupelo,MS,Fireball,,"1 flash, then 1 oval object with tail heading true north over tupelo battle field.",5/22/2015
4/22/15 20:48,West Point,MS,Light,90 seconds,"Bright, silent, star-like light moving across the sky, much faster than any jet airplane",11/19/2015
4/11/15 1:15,Pontotoc,MS,Egg,7,White glowing brite shaped like cotton candy made a descent from above the stars at an angle shooting down then two flames shot out the,4/17/2015
3/31/15 23:00,Horn Lake,MS,Light,>15 minutes,Single pulsating white light with occasional green flash at bottom hovering below the clouds to the west,4/23/2015
2/28/15 20:30,Oxford,MS,Oval,4 seconds,"Oval/saucer like object that emitted orange/reddish light. Zoomed off in seconds, left trail of light. ((anonymous report))",3/10/2017
2/6/15 19:00,Oloh,MS,Unknown,5 minutes,3 bright light hovering over hwy 98 then vanished.,2/12/2015
1/21/15 16:45,Brandon,MS,Sphere,60 second,"We saw a Black Sphere moving South at a good rate of speed over Rankin County just South of the Ross Barnett Reservoir. No Sound, No W",1/26/2015
12/19/14 15:00,Laurel,MS,Circle,2 minutes,Glowing red sphere slowly descending in the sky.,12/22/2014
12/17/14 20:00,Hattiesburg,MS,Triangle,10 minutes,"I saw a triangular UFO with red and white lights while driving on Hwy 98 in Perry County, MS.",8/13/2015
12/13/14 21:15,Canton,MS,Changing,1 hour,Changing shaper with multicolored lights. ((NUFORC Note: Possible sighting of Sirius?? PD)),12/18/2014
12/10/14 3:00,Merigold,MS,Light,10 minutes,"Lighted up yard early morn, then lights going around object in a vertical circular formation and slowly vanished.",1/7/2015
11/30/14 18:30,Gulfport,MS,Fireball,~90 seconds,"Last evening, I went outside to smoke. I looked up I saw a orange ball. Flying from the east to west.",12/5/2014
11/19/14 19:50,Stringer,MS,Light,5 seconds,Small light travelling across sky got bright and instantly changed direction and vanished.,11/21/2014
11/15/14 22:45,Nettleton,MS,Sphere,15 seconds,"Silent metallic sphere spotted by two in skies east of Nettleton, Mississippi.",4/17/2015
11/3/14 10:00,Lorman,MS,Fireball,1-3 seconds,Bright streak of light fast moving started small went out at largest size.,11/6/2014
10/31/14 23:00,Diamondhead,MS,Circle,30 seconds,Oct. 31 @ 11pm Saw a round bright green basketball size object 75' from my house tree top level.,11/21/2014
10/29/14 18:30,Bay Saint Louis,MS,Circle,1 minutes,Large red lights merging into one and descending to the horizon and ejecting a meteor like tail toward the sky before complete descent.,11/6/2014
10/29/14 18:30,Bay Saint Louis,MS,Circle,1 minutes,"5 red circular objects merged into one large red circular object , emit a thin red burst upward, and drifted below the tree line.",11/6/2014
10/23/14 18:45,West Point,MS,Fireball,3 minutes,Was looking at the sky about 6:45pm on 10/23/14 when I noticed 5 reddish orange balls that appeared to look like large stars flashing i,11/6/2014
10/22/14 19:20,Greenwood Springs,MS,Triangle,30 seconds,"Three very bright lights in a triangle with no sound or motion, disappeared after thirty seconds.",11/6/2014
10/17/14 20:00,Moselle,MS,Changing,9pm-7am,A sky full of UFOs in our sight all night,11/6/2014
9/23/14 22:46,Clinton,MS,Fireball,3-5 seconds,Just seen a fireball in the sky I thought at first it was a plane going down. But then realized I had just seen my first real meteor fa,9/25/2014
9/22/14 21:30,Gulfport,MS,Triangle,40 seconds,Triangle shaped ufo.,9/25/2014
9/17/14 20:15,Lumberton,MS,Light,90 seconds,I observed an aircraft following a dull red orange light as it traveres east to south west at dusk.,9/18/2014
8/28/14 18:45,Gulfport,MS,Circle,10 minute,Circular brilliant green light shoots straight up near I10 and Canal Rd. exit....,8/31/2014
8/15/14 22:15,Lumberton,MS,Fireball,5-6 seconds,A large ball of greenish and yellow fireball fell from the sky South Mississippi,8/22/2014
8/15/14 22:00,Pass Christian,MS,Fireball,1 minute,GREEN FIREBALL.,8/22/2014
8/3/14 21:15,Senatobia,MS,Light,<1 minute,"I saw what I can describe as a silent, stationary beacon in the night sky make a single revolution and vanish.",8/8/2014
8/2/14 22:20,Tupelo,MS,Fireball,6 seconds,Bright green fireball falling diagonally.,8/8/2014
8/1/14 22:20,Madison,MS,Triangle,2-3:00,"Silent, triangular-shaped object hovering in mid-air.",8/8/2014
7/17/14 16:30,Ocean Springs,MS,Cigar,4-5 seconds,"Bright cigar-shaped object, bright silver and white color flying at backyard fence level, quickly ascended over pine trees.",7/20/2014
7/12/14 21:15,Monticello,MS,Fireball,~5 seconds,"This was a fireball that streaked across the sky, almost horizontal to the horizon, and broke up as it passed behind the tree line.",7/20/2014
7/12/14 21:00,Gluckstadt,MS,Light,10 seconds,Bright circle light spiraling across the entire skyline took about 10 seconds didn't resemble a shooting star,7/20/2014
7/4/14 20:15,Batesville,MS,Disk,5 minutes,UFO seen trailing Aircraft.,7/11/2014
6/17/14 13:02,Biloxi,MS,Triangle,8 seconds,Me and my mom just got out of the house as we got to the stoplights of Lemoyne blv. We saw a huge shadow of flying object covered our w,6/20/2014
6/16/14 16:45,Olive Branch,MS,Light,Still going on,D d ((NUFORC Note: We are uncertain as to whether this is a serious report. PD)),6/20/2014
6/4/14 0:15,Starkville,MS,Circle,10 minutes,"Spotted what looked like the ISS over Starkville, MS, about 15 minutes past midnight.",6/4/2014
5/20/14 22:30,Olive Branch,MS,Flash,3 seconds,Flashing light point covers 60° arc of sky on cloudless night in fewer than three seconds.,6/4/2014
5/8/14 22:00,Foxworth,MS,Triangle,6 minutes,Very slow craft with 2 bright lights.,6/4/2014
5/6/14 1:00,Hernando,MS,Light,5-15 seconds,"Almost transparent, yet you could tell solid objects moving extremly fast, like a flash light beam in the night sky the other was chevr",5/8/2014
5/3/14 4:10,Fulton,MS,Egg,5 seconds,Egg ufo.,5/8/2014
5/1/14 21:55,Rosedale,MS,Circle,5 minutes,"4 lights greatly spaced apart, too big to be United States Aircraft, red and white lights(4) slowly moving across the sky to SW.",5/2/2014
5/1/14 21:16,Belmont,MS,Formation,8 minutes,"4 flashing lights about 1/4 mile wide headed south then southwest over Belmont, Ms",5/2/2014
4/18/14 20:45,Hernando,MS,Circle,~2,"Two white lights, one beam & amoeba shaped white object. ((NUFORC Note: We see no UFO in the two photos sent. PD))",4/24/2014
4/17/14 22:00,Columbus,MS,Triangle,20 seconds,"Dark object, three lights on side, moving quickly.",4/18/2014
3/29/14 18:45,Long Beach,MS,Triangle,~10 seconds,Motionless silver triangle high in the atmosphere.,4/4/2014
1/24/14 19:45,Hernando,MS,Circle,30 seconds,I saw 3 oval bright white object go up and leave our atmosphere. They left a trail like shootings stars going up instead of down. It wa,1/30/2014
1/23/14 19:00,Ellisville,MS,Triangle,2 minutes,7 objects flying in a straight line all 7 had 3 triangular red lights.,2/21/2014
1/16/14 23:16,Coldwater,MS,Circle,4 minutes,"White, ball-like objects hovering in sky. Glowing and shining after a few minutes, flew away slowly.",1/24/2014
1/12/14 17:00,Inverness,MS,Cigar,15 minutes,500 foot wide silver object moved over 2 1000 foot radio towers no sound then disapiered.,1/16/2014
1/7/14 22:45,Hattiesburg/Columbia (between),MS,Circle,3-4 seconds,Neon green fast falling orb.,1/10/2014
12/29/13 19:00,Bay Saint Louis,MS,Fireball,5-7 minutes,Orange pulsating orb over downtown.,1/10/2014
12/26/13 23:00,Batesville,MS,Unknown,10 minutes,Mysterious Lights seen over field; Caught on Video.,1/10/2014
12/12/13 7:30,Petal,MS,Light,12 minutes,15 lights in sky in petal MS on 12/12/13,12/23/2013
11/28/13 18:39,Amory,MS,Circle,several minutes,911 was called; I was told a policeman on duty had seen these bright objects; Columbus AFB confirmed no aircraft flying T'giving Day.,12/12/2013
11/28/13 17:55,Amory,MS,Sphere,7 minutes,Duration from first sphere appearing to last disappearing approx. 7 minutes.,12/2/2013
11/27/13 19:35,Houston,MS,Changing,2-3 seconds,Neon wavy streak of light. 2 witnesses. In Mississippi.,6/24/2014
11/20/13 4:00,Brookhaven,MS,Light,1 hour,My employee and his wife witnessed two lights in the sky that lingered for most of an hour before disappearing.,11/20/2013
11/4/13 18:03,Jackson,MS,Unknown,4-5 minutes,4 fast crafts going different directions coming and going to a floating orb,11/11/2013
11/1/13 18:00,Madison,MS,Light,Hour,Star like obj. in mid air shining bright then dim then very bright for ~1 hour then just disappeared! ((NUFORC Note: Venus? PD)),11/11/2013
10/30/13 19:30,Gulfport,MS,Sphere,9 minutes,Bright White light.,11/11/2013
10/24/13 23:30,Brandon,MS,Circle,10 seconds,"Bluish green object, the size of a dime held at arms length traversing approximately a 10 degree path toward the southwest horizon.",11/11/2013
10/13/13 22:00,Walls,MS,Light,3-4 minutes,While camping out on the 13th of oct anround 9:00 to 11:00 pm saw a light travling North to South. the object stayed in view for a peri,10/23/2013
10/8/13 4:00,Natchez,MS,Circle,30 seconds,Very bright fast moving orb(s).,10/14/2013
10/5/13 15:40,Bude,MS,Cylinder,5 minutes,White rotating cylinder shaped object flies over house.,10/14/2013
10/4/13 19:00,Bude,MS,Light,,Three odd moving lights blinking at each other.,10/14/2013
9/28/13 20:55,Coldwater,MS,Sphere,2 minutes,Orange orbs in ms,10/23/2013
9/12/13 20:30,Ocean Springs,MS,Triangle,2 minutes,Dark Triangle hovering north of interstate highway,9/30/2013
9/1/13 19:19,Grenada,MS,Light,10 minutes,"""Star-like"" light keeps appearing a disappearing at sunset. ((",9/9/2013
8/24/13 1:00,Shaw,MS,Circle,2 hours,Looked Like A Low Star then dotted off over tree line,8/30/2013
8/15/13 19:00,Bude,MS,Cylinder,5 minutes,"Two white cylinder shaped objects with black bands in middle fly over Bude, Ms.",8/30/2013
8/15/13 0:14,Banks,MS,Sphere,5 minutes,Three bright spheres in triangle formation hovering above horizon. Slowly moved apart while one remained stationary.,8/30/2013
8/14/13 20:20,Seminary,MS,Triangle,5 minutes,"Saw a triangular, slow moving, and silent craft hovering above highway.",8/30/2013
8/3/13 22:00,Grenada,MS,Light,8-10 seconds,"I was driving back to Memphis when I seen a light out of the top of my windsheild, that zoomed past and disappeared. It was pitch blac",8/30/2013
7/30/13 21:00,Gulfport,MS,Cone,5 minutes,"Soundless red LED/electronic like lighted bright light coming from The Gulf and heading rapidly to the east near Gulfport, Mississippi.",8/30/2013
7/23/13 17:10,Laurel/Hattiesburg (between),MS,Disk,2 seconds,Craft sighted moving at high speeds above the tree line,8/30/2013
7/18/13 20:50,Ocean Springs,MS,Rectangle,5 minutes,Spotted a possible UFO near a baseball field.,7/22/2013
7/15/13 21:00,,MS,Formation,5 minutes,"My two children and I saw strange lights move around the sky. Antigravity type motion,silent,some suddenly vanished",8/30/2013
7/1/13 23:00,Southaven,MS,Fireball,7 minutes,Red and orange fireball flying slow and low heading towards tunica ms. Flying ball came out of wooded area,7/3/2013
6/29/13 21:30,D'Iberville,MS,Light,45 seconds,Saw 2 orange/copper color glowing objects trailing each other just over tree line headed south! They were not moving very fast. As they,7/3/2013
6/4/13 11:30,Hattiesburg,MS,Flash,10 minutes,Bright Flash of Light in Three Different Places,7/3/2013
5/25/13 21:10,Hattiesburg,MS,Fireball,20 seconds,"Bright large red fireball moving SW over West Hattiesburg, MS. May 25, 2013 at 9:10pm.",6/2/2013
4/29/13 20:15,Oxford,MS,Circle,8 minutes,Thirteen silent amber orbs in staggered formation at low altitude floated by then went up and disappeared into the night sky. I am in m,5/15/2013
4/8/13 21:30,Hattiesburg,MS,Triangle,ufo,"Man sees black triangle, which he estimates to have been larger than a football field.",4/12/2013
3/12/13 2:00,Natchez,MS,Oval,2 minutes,I went to bed about 2 a.m. and was promptly woken up when my entire bedroom was lit up by a very bright light. My dog barked once.,5/15/2013
3/2/13 1:00,Brandon,MS,Circle,2 hours,"Weird blue light over Brandon, MS.",3/18/2014
2/15/13 16:00,Ridgeland,MS,Circle,~1.5 minutes,5 year old niece had brought it to our attention yesterday (02/14/2013 around 16:00) that she said she saw some “white things” in the s,2/18/2013
2/7/13 21:00,Saucier,MS,Diamond,30 minutes,"Was walking my dog tonight and seen some sort of craft hovering low in the trees, and then it came out and made a big loop low in the s",2/18/2013
1/7/13 12:35,Greenwood,MS,Egg,,((HOAX??)) I was walking and saw a egg like shape hit the ground in the woods.,2/4/2013
1/1/13 0:02,Ocean Springs,MS,Fireball,2 minutes,Three craft spotted that are glowing and are an amberish color.,2/4/2013
12/31/12 19:00,Magnolia,MS,Circle,10 minutes,"Bright, round orange-red object flying across sky New Years Eve 2012 7:00 pm.",2/4/2013
12/21/12 7:01,Batesville,MS,Light,,"There was flashing lights seen by people in the sky, unknown.",12/21/2012
12/13/12 19:35,Hernando,MS,Sphere,1 min,Bluish orb moving across sky at steady pace.,12/20/2012
12/13/12 16:45,Ocean Springs,MS,Egg,10 minutes,2 Red/White Egg Shaped Craft spotted,2/4/2013
11/24/12 21:30,Waveland,MS,Light,10 minutes,This Event is happening more offen Red ball Moving Object.,12/20/2012
11/24/2012,Clinton,MS,Cross,1 hour,THIS IS NOT JUPITER. ((NUFORC Note: Possible sighting of Sirius?? PD)),12/20/2012
11/13/12 23:00,Clarksdale,MS,Diamond,UFO sighting,UFO sighting clarksdale ma,11/19/2012
11/12/12 19:00,Hattiesburg,MS,Circle,20-30 seconds,3 white orbs in triangle formation,12/20/2012
11/9/12 16:00,Meadville,MS,Cylinder,~2 minutes,White cylinder shaped craft with no wings flies over Meadville MS on clear and cloudless day.,11/19/2012
11/8/12 20:00,Gulfport (near),MS,Circle,1 minute,Circular aircraft casting green spiral light flying north from the gulf.,11/19/2012
11/7/12 11:30,Gulfport (near),MS,Changing,10 minutes,"11:30am in gulfport ,MS cigar shape craft broke into two ships lasted 15 mins a plane couldn't land circled 3xs.",11/19/2012
11/5/12 23:00,Sardis Lake,MS,Formation,30 minutes,Almost every night!!!,2/4/2013
11/3/12 0:00,Tunica,MS,Oval,,They have been here far back as b4 airplanes were invented . people who dont believe will soon.,11/19/2012
10/5/12 21:50,Gautier,MS,Light,10 minutes,4 Red lights seen over the gulf and appeared to drop red lights or flares.,10/30/2012
10/5/12 18:40,Columbus,MS,Sphere,10-15 minutes,"Bright Sphere like object or fireball spotted above Columbus, Ms with Military aircrafts appearing to investigate.",10/30/2012
9/22/12 19:00,Pascagoula,MS,,,Flashing Strobe Light Object Seen Moving Really Fast,9/24/2012
9/12/12 19:00,Yazoo City,MS,Light,Less than a minute,Bright light moving extremely fast.,9/24/2012
9/8/12 8:15,Gulfport,MS,Circle,10-15 seconds,White/Bluish glwoing flying balls,9/24/2012
8/30/12 17:00,Laurel,MS,Unknown,10 minutes,A red glowing object moving in and out of clouds that had a red yellow and green color when not in the direct path of the sun,9/24/2012
8/12/12 18:30,Thaxton,MS,Sphere,2 minutes,Metal sphere rising out of woods scares wildlife and me,8/19/2012
8/10/12 23:59,Ridgeland,MS,Unknown,60 sec,UFO close to the ground,8/19/2012
7/28/12 21:00,Petal,MS,Other,3 seconds,Reddish to orange explosion way out in space.,10/30/2012
7/27/12 12:39,Corinth,MS,Triangle,3 minutes,Triangled ufo with three white lights on each corner it had a red blinking light in the center,8/5/2012
7/24/12 12:24,Corinth,MS,Triangle,4 minutes,Silent triangled ufo with three white lights and a red blinking light in the middle.,8/5/2012
7/21/12 0:30,McComb,MS,Light,5-6 seconds,"All the lights around our neighboorhood are a dull color, but this was a very bright distinguishable green.",11/6/2014
7/13/12 21:00,Gulfport,MS,Triangle,2 minutes,Soft red glowing object hovering n. Gulfport....guitar pick shaped.,8/5/2012
7/13/12 4:00,Gulfport,MS,Light,,"Extremely bright light in the sky, illuminating like a star but extremely low on the horizon. ((NUFORC Note: Venus, in E sky? PD)",8/5/2012
7/9/12 23:05,Flowood,MS,Unknown,2 minutes,Large glowing object on side of road,8/19/2012
6/25/12 0:00,Walls,MS,Triangle,40 minutes,Light Signals to music. Ship. Creature.,7/4/2012
6/15/12 3:00,Jackson,MS,Triangle,20 minuted,Saw triangle moving slowly amongst the stars...,6/20/2012
6/15/12 3:00,Jackson,MS,Unknown,few seconds,Saw one small flash of light then a reddish looking fireball that shot across the sky then disappeared then same a similar one after…,6/20/2012
6/8/2012,Gulfport,MS,Light,every night for months,"Saw &quot;light&quot; for a couple of months every night... after filed report, haven't seen since.",6/14/2012
6/4/12 20:40,Bay St. Louis,MS,Sphere,3 minutes,I have not witnessed these type of unknown bright beautiful objects in sixty three year life before.,6/8/2012
5/19/12 21:00,Gulfport,MS,Light,a number of hours,"Persistent strange glowing star over Gulfport, Ms., each evening (first noticed February of 2012).",5/29/2012
5/12/12 21:36,Pass Christian,MS,Light,4 minutes,"I saw at least 14 large, steady red lights in a straight, staggered flight path formation on 5/12/12 in Pass Christian, MS,",5/29/2012
4/25/12 22:15,Tylertown,MS,Oval,15min,"bright lights, like spot lights, motor sounded like chainsaw",5/13/2012
4/24/12 20:55,Gulfport,MS,Disk,25 minutes,Green/Yellow Disc object fying around the gulfcoast towards the open water.,5/13/2012
4/11/12 1:00,Tupelo,MS,Triangle,about 15 minutes,Triangle shape of lights in Northwestern sky one part of Mississippi,5/13/2012
3/31/12 22:10,Corinth,MS,Light,4 to 5 seconds,Orange/copper light very bright then faded quickly seen in Northeast Mississippi,5/13/2012
3/15/12 21:30,Pearl,MS,Unknown,7 seconds,isawabluestarmovingslowwthadstrobelightarounditthenitstopinthemiddleofthesky2seconsmovewestthenlightsoffbutthestrobekeptflashngmanycolo,3/16/2012
2/27/12 20:30,Marietta,MS,Light,15 minutes,Hovering light above tree lines,3/13/2012
2/21/12 23:00,Jackson,MS,Other,3 min,Square object in the daytime sky hovering,3/13/2012
1/9/12 23:55,Clinton,MS,,at least 15 mins.,NIGHT TURNED INTO DAY FOR 20 MINUTES IN MISSISSIPPI,1/12/2012
1/6/12 20:15,Clinton,MS,Flash,3 mins.,"UFO""s are real but MUFON is not",1/12/2012
11/24/11 21:00,Madison,MS,Triangle,5 minutes,Witnessed three bright orange lights in triangle formation that stood steady and unflickering approx.10 minutes then disapeared.,12/12/2011
11/2/11 23:45,Clinton,MS,Light,90 secs.,"On Tuesday night Nov. 2, at 11:45 I was outside with my sister looking in her trunk and as we closed the trunk we noticed a light flash",12/12/2011
10/22/11 19:45,Vicksburg,MS,Circle,5:30min,The Hills,12/12/2011
10/16/11 22:00,Clinton,MS,Circle,2 mins,morphing white blinking light that turn into circle of colored lights,10/25/2011
10/14/11 19:30,Ellisville,MS,Unknown,15 min,On Oct 14th 2011 at 7:30 PM me and my wife noticed an unusual orange pulsating light in the sky.,10/19/2011
10/1/11 22:00,McComb,MS,Rectangle,10 seconds,"On a clear night while laying on a table witnessed a silent rectangle fully visible craft cross the sky aprrox.500"" over trees",10/19/2011
10/1/11 13:00,Clinton,MS,Circle,5 mins.,Jet and object flying side by side,10/10/2011
9/25/11 19:30,Gulfport,MS,Fireball,5 seconds,I was driving on I-10 West bound and about to exit onto Hwy 49 South into Gulfport when I saw a bright multi-colored light streaking ou,10/10/2011
9/12/11 15:08,Tupelo,MS,Other,1 min,"((HOAX??)) Floating plane spotted, then vanishes.",10/10/2011
9/11/11 21:10,Senatobia,MS,Circle,5 Seconds,"Large white light moving at helicopter speed, no sound, totaling a distance of about 6"" from viewing point before disappearing.",10/10/2011
8/26/11 8:38,Clinton,MS,Light,super 8 hotel,It was big bright about 9ft long n six feet wide its like it was there den it wasn't when it vanished slowly.,10/10/2011
8/18/11 21:00,Sumrall,MS,Other,3 hrs,star like object making circular and zigzag pattrens almost like its searching for something. ((NUFORC Note: Twinkling star?? PD)),8/21/2011
8/15/11 13:30,Mississippi (central part),MS,Egg,1 Sec.,EGG Shaped possibly round Metalic UFO speeding down the interstate southbound on I55 central Missippi state.,8/21/2011
8/12/11 17:03,Collins/Prentis,MS,Light,3 hours,"White light follows family home after star gazing in Collins, Mississippi.",8/21/2011
7/6/11 21:00,Gulfport,MS,Unknown,five minutes,"Bright red/white light hovers over Gulfport, climbs rapidly, heads north, then east, the downward,",7/17/2011
6/24/11 22:30,Seminary,MS,Circle,10 min,strange solid circular lights that floated slowly and then disappeared,6/27/2011
5/8/11 20:30,Starkville,MS,Circle,2 minute,"Orange lit ciruclar aircraft cruising at a low altitude speed moving from south to north, with no audible exhaust.",5/12/2011
4/29/11 22:35,Starkville,MS,Circle,8 min,Orange circles flying from SE to NW in a straight line.,5/2/2011
1/19/11 20:00,Ocean Springs,MS,Circle,three minutes,"On or about 19 January of 2011, I was at my home in Ocean Springs, Ms. At close to 8:30 pm, I looked out the window and saw a disc-sha",2/8/2011
1/11/11 21:15,Vicksburg,MS,Fireball,4 seconds,Fireball in the sky over Mississippi,1/31/2011
1/11/11 21:00,Pearl,MS,Light,approx. 10 min.,bright unexplainable light,1/31/2011
1/11/11 20:40,Brandon,MS,Flash,less than 1 second,Quick Burst of Blue/Green light witnessed by at least 30 people.,1/31/2011
12/23/10 0:00,McComb,MS,Cylinder,month,Have you there been any reports from mississippi if not there should be?,1/5/2011
11/21/10 16:55,Meridian (west of),MS,Light,6-7 minutes,"Bright light during the late afternoon initially stationary, moves, then disappears, reappears a few minutes later.",1/5/2011
11/20/10 13:00,Sardis,MS,Sphere,1-2,WOW,1/5/2011
11/7/10 18:30,Tunica,MS,Light,5 min,A Shooting star that Turned into a Moving Light,11/21/2010
10/29/10 18:20,Vicksburg,MS,Other,10-15 Sec.,"Blinking lights in triangle formation over Vicksburg, leaving behind two large clouds of smoke then disappearing",11/21/2010
10/29/10 18:20,Vicksburg,MS,Other,10-15 Seconds,"Blinking lights flying in a triangle formation over Vicksburg, sprayed two large dark clouds of smoke and then the object disappeared",11/21/2010
10/20/10 22:20,Brandon,MS,Triangle,approx. 1.5 min,"Triangle lights over Brandon, MS",11/21/2010
9/22/10 19:45,Olive Branch,MS,Light,30 minutes,"unexplanable light over rural olive branch, ms",11/21/2010
9/14/10 0:35,Picayune,MS,Light,3 seconds,"A yellow ball of light ""turned on"" flickered then shot downward at a rapid speed for two seconds and vanished.",11/21/2010
8/6/10 0:00,Clarksdale,MS,Light,45 mins,Lights in Sky,8/24/2010
6/19/10 21:00,Yazoo,MS,Disk,,"saucer shaped object,real bright,huvering,then it dispeared",6/23/2010
6/19/10 21:00,Yazoo,MS,Disk,6 ms,we seen a saucer shaped object lit up huvering in the sky on june 19-2010 at 21:00pm,6/23/2010
5/7/10 17:30,Luka,MS,Circle,5 To 10 Min.,The Object Transmitted A Noise Then Flew Off,6/3/2010
4/28/10 23:25,Senatobia,MS,Triangle,7 min,Lights in the Mississippi sky.,5/12/2010
4/17/10 0:00,Ocean Springs,MS,Fireball,5 sec,looked at first like a comet,5/12/2010
3/22/10 23:00,Biloxi,MS,Triangle,5 Min. +,Triangular craft observed near Biloxi,4/13/2010
3/16/10 6:10,Canton,MS,Light,5 minutes,what appeared to be a twinkling star moved quickly up at a 45 degrees then stopped and became fixed and did not move thereafter,4/13/2010
3/14/10 13:45,Florence,MS,Other,60 sec. or less,Dart-like craft emerged from tail of a fireball,8/24/2010
2/14/10 23:00,Gautier,MS,Formation,several hours,Four yellow and red objects in the night sky for several hours.,4/13/2010
1/13/10 1:00,Ackerman,MS,Light,2 hours,A bright light hovering in the southwestern sky. ((NUFORC Note: Possible sighting of Sirius. PD)),2/14/2010
12/15/09 18:15,Tupelp,MS,Light,8minutes,3 Lights in a straight line,4/13/2010
12/4/09 17:30,Heidelburg,MS,Triangle,30 Sec,Large dark craft on I 59 in Mississippi,2/14/2010
11/26/09 18:00,Stringer,MS,Light,30 minutes,Mysterious lights seen flying over my country home.,2/14/2010
11/7/09 22:00,Louisville,MS,Diamond,,what i saw is not of this planet .,12/12/2009
11/6/09 18:00,Biloxi,MS,Circle,5 minutes,"Strange light seen in Biloxi, MS.",12/12/2009
11/6/09 7:00,Gulfport,MS,,5:00,"to the east in the 10:00 position seen 3 lights sorounding an airplane ,thought to be flying stars ,but when one started zigzagin an th",12/12/2009
10/1/09 22:30,Belmont,MS,Triangle,2MINS,"Triangular object with 3 lights, one in middle blinking.",12/12/2009
9/23/09 18:00,Flowood,MS,Other,10 min,Saw odd shaped object in sky in daylight.,12/12/2009
9/15/09 21:00,Pass Christian,MS,Sphere,Approx. 1 hour,Stationary orange lights appear then fade away after a few seconds off MS Gulf Coast.,12/12/2009
8/12/09 4:20,Grenada,MS,Unknown,30 sec,"""Satellite"" stops, flases and disappears",8/27/2009
7/25/09 22:00,Union,MS,Light,10 seconds,A brilliant starburst light in the night sky which moved away from the three witnesses at an unbelievable speed.,8/5/2009
7/17/09 23:00,Woodville,MS,Circle,8 min.,Circular florescent pulsating light.,8/5/2009
7/17/09 21:00,Woodville,MS,Unknown,,Observed bright flashing lights in sky over highway in rural area.Observers male and female in mid and late twenties.,8/5/2009
7/8/09 6:00,Vancleave,MS,Rectangle,20 seconds,"White rectangular craft seen by myself, my mother and son, floating across sky.",4/3/2015
6/25/09 20:18,Southaven,MS,Disk,10 minutes,Disc Shape Hovering in Southaven MS,8/5/2009
5/25/09 9:15,Byram,MS,Triangle,5,Triangle ufo in mississippi shoots out laser,8/5/2009
5/12/09 22:45,Long Beach,MS,Oval,30 sec.,"Two reddish lights following one another at a very high rate of speed,following the mississippi coast line.",6/9/2009
5/1/09 5:10,Carson,MS,Sphere,10min,"same as 4/3/09 Sumrall, Ms",6/9/2009
4/16/09 23:30,Hernando,MS,Rectangle,approx. 30 seconds,"Stealthy rectangular object seen over Hernando, MS",5/12/2009
4/3/09 20:30,Sumrall,MS,Sphere,"1 hour, 10 min",Witnesses sighting of large ufo with 4 smaller crafts moving near by.,4/14/2009
4/1/09 23:40,Kosciusko,MS,Triangle,45 seconds,"3 triangular shaped objects ""gliding"" over the house. All 3 had this orange-white transparent glow.",8/5/2009
3/20/09 21:45,Harrisville,MS,Triangle,1 to 1mn 30 sec,"triangle shape,lights at each point underneath, red light rear green front, alt. 200-300ft., speed appx 40mph.",4/14/2009
2/23/09 9:00,Brandon,MS,Oval,60 min,The objects were an oval shape lights. The moved in and out of the sky then they started to break off from a bigger light.,3/19/2009
1/22/09 21:04,Byhaila,MS,Light,10 seconds,bright blue orb that moved away very fast then disapeared,3/19/2009
1/22/09 19:10,Ocean Springs,MS,Light,3 minutes,Strange lights - NO Way a man-made craft,3/19/2009
1/22/09 18:45,Gautier,MS,Fireball,10 minutes,"an orange fireball in the sky then 2 oblong forms with orange rotating lights, within a 10 minute time frame",3/19/2009
1/9/09 17:45,Southaven,MS,Formation,20 minutes,5 BRIGHT WHITE ORBS THAT CHANGED IN FORMATION,1/10/2009
1/7/09 20:23,Collinsville,MS,Light,25 min,"Group of people see, photograph, a bright object in sky. ((NUFORC Note: We have requested more information. PD))",1/10/2009
12/2/08 17:30,Jackson/Clinton,MS,Other,30 minutes,Bright light over the Jackson area,1/10/2009
11/24/08 17:00,Batesville,MS,Chevron,15 sec,boomarang shape,1/10/2009
11/12/08 19:23,Brandon,MS,Unknown,2 minutes,Loud hot air balloon noise heard in the dark of night.,1/10/2009
10/19/08 23:09,Laurel,MS,Light,5 days,Lights captured on wild game camera.,1/10/2009
10/1/08 6:30,Iuka,MS,Oval,,I was in shock,2/14/2010
9/29/08 19:20,Meridian,MS,Other,12 - 25 seconds,Two of us saw a flying triangular gray illuminated object above our house and yard.,10/31/2008
9/10/08 22:30,Tupelo,MS,Sphere,15 sec.,Strange Lights In Tupelo,10/31/2008
8/22/08 19:45,Pass Christian,MS,Fireball,10 seconds,We saw a bright green light fall from NW to SE very quickly.,10/31/2008
7/30/2008,Laurel,MS,Unknown,1 hour,flashing lighits blast and some kind off craft and was moving fast took pics at home and 7 miles away. they te same,8/12/2008
7/23/08 22:00,Gulfport,MS,Disk,1 hour,"sitting in the woods at night with a friend i was biking with, a silver orb with a ring of different colored lights appeared",8/12/2008
6/12/08 18:00,Gloster,MS,Circle,About 2 minutes,2 nearly vertical contrails seen.,7/5/2008
6/8/08 22:40,Purvis,MS,Other,15-20 minutes,Stars in Baton shape floated from Southwest to the North,6/12/2008
6/8/08 0:00,Yazoo City,MS,,2-3 min,At 12:05 AM on June 8 My wife and were Northbound on MS Hwy 3 approximately 10 miles South of Yazoo City when we observed a Bright Stro,6/12/2008
6/5/08 0:30,Olive Branch,MS,Flash,45 minutes,Strange sightings over north Mississippi,6/12/2008
5/12/08 22:30,Mt.Olive,MS,Triangle,2to3min,"One night when my wife and I were letting our two dogs out before we were going to bed, she saw somthing and yelled for me to come here",8/12/2008
4/26/08 20:30,Vicksburg,MS,Flash,10seconds,"2 bright lights moving at a high rate of speed over Vicksburg,MS",6/12/2008
4/21/08 0:00,Amory,MS,Circle,,it was a ufo,5/12/2009
4/4/08 21:00,Carriere,MS,Light,2 hours,"same flashing light, doing the same thing, 3rd time this week, ((NUFORC Note: Possible sighting of Sirius?? PD))",4/17/2008
3/28/08 21:20,Carriere,MS,Light,10 minutes,flashing light in northeastern sky ((NUFORC Note: One of four reports from same source. Sighting of Sirius?? PD)),3/31/2008
2/29/08 17:45,Jackson,MS,Changing,5-10mins,"((HOAX??)) White, changing shape three big UFO's nine small UFO's.",4/17/2008
2/28/08 18:30,Gulfport,MS,Light,5-10 sec.,Bright Light in Gulf Coast Mississippi sky,3/4/2008
2/6/08 22:00,Gulfport,MS,Circle,5 minutes,"Circular shaped object in Gulfport, MS. Appeared to have bright white lights around the 3 sides we could see.",2/14/2008
1/15/08 18:00,Carriere,MS,Other,60sec,4 lights in a row out front of 3 bright lights at rear flying low and slow (maybe 1000 ft) and no sound.,1/21/2008
1/2/08 21:00,Hattiesburg,MS,Other,About 5 minutes,Strange craft covered in lights split into two parts,6/12/2008
12/12/07 14:00,Benton,MS,Cylinder,50 seconds,Very large and long rusty bolt type craft came through the clouds in broad daylight.,10/31/2008
11/30/07 17:30,Sandy Hook,MS,Other,2 seconds,strange brown shape in the daylight sky,6/12/2008
11/15/07 19:00,Sandy Hook,MS,Sphere,3 minutes,"Large round white object that shone like swimming pool water at night with three spinning red lights on the bottom, which made me think",6/12/2008
11/14/07 20:30,Biloxi,MS,Triangle,30 seconds,"Triangular object in Biloxi, MS above I-10",11/28/2007
11/14/07 17:30,Gulfport,MS,Fireball,Seconds,Bright Green Ball Falls From Sky (and other sightings),3/4/2008
11/13/07 20:45,Sumrall,MS,Triangle,5 min,Triangle shaped craft producing no sound in my back yard.,11/28/2007
11/12/07 20:30,Pass Christian,MS,Light,30+ Minutes,"Star like, Red/Green/White, moving in sky. ((NUFORC Note: Possibly satellites?? PD))",11/28/2007
10/13/07 1:30,VanCleave,MS,Unknown,3 Hours,"Brilliant object that changed colors, Green, Red, Blue and Yellow. 10/13/2007",11/28/2007
10/7/07 1:15,Poplarville,MS,,,"Regarding the 10/7/07 Poplarville,MS sighting reported previously BRIGHT LIGHT IN THE SKY ((NUFORC Note: Probably a star, perhaps Siri",11/28/2007
10/7/07 1:01,Poplarville,MS,Light,,"BRIGHT LIGHT IN SKY ((NUFORC Note: Probably a star, perhaps Sirius, we believe. PD))",10/8/2007
9/29/07 6:30,Byhalia,MS,Disk,15 seconds,"On September 29th 2007, around 6:30P.M.,Myself and my Wife were traveling west on Highway 78 in Byhalia Mississippi. The Sun was bright",10/8/2007
9/16/07 3:00,Greenwood,MS,Triangle,5 seconds,At approximately 03:00 I saw a triangle shaped object with no light visable traveling southwest in a clear sky,10/8/2007
8/24/07 23:48,Tylertown,MS,Circle,15 minutes,I inadvertently photographed what I believe was a UFO. ((anonymous report)),10/5/2017
6/19/07 15:00,Greenville,MS,Triangle,10 minutes,the dark triangle with strait edges remained steady height and speed while two other similar objects hovering very near it,8/7/2007
5/31/07 10:24,Pascagoula,MS,Fireball,5 minutes,3 possible ufos over ocean?,8/7/2007
5/12/07 23:22,Hernando,MS,Flash,seconds,star like object with bizaar flight path appearing to stair step across sky at a rapid rate,6/12/2007
4/29/07 22:00,Lancaster (UK/England).,MS,Light,3 MINUTES,ORANGE LIGHT OVER IRISH SEA IN UK. SEEN TO ACCELERATE AWAY,6/12/2007
4/15/07 22:19,McComb,MS,Diamond,45 seconds,fishing for ufo's,4/27/2007
4/1/07 23:22,Greenwood,MS,Triangle,,"It was triangular in shape and it was silent, but seemed to be only a hundred yards above me.",4/27/2007
3/30/07 4:30,,MS,Sphere,5 minutes,White luminous Sphere,4/27/2007
2/16/07 20:30,Paris,MS,Unknown,2 hours,Bizarre lights in northern Mississippi,8/7/2007
1/26/07 21:30,Summit,MS,Unknown,5 mins,2 large bright orange lights,2/1/2007
1/10/07 21:00,Greenwood,MS,Circle,10 seconds,Spinning circular yellow disc with neon light fell rapidly towards earth.,2/1/2007
1/8/07 23:00,Tupelo,MS,Circle,10-15 seconds,About 11:00 PM on 1-8-07 a ball of light about 4-5 times bigger than a star steadily rose upward slowly in the west sky and disappeared,2/1/2007
1/3/07 23:00,Marks,MS,Disk,2 Hours,"Lighted objects silently flew in from S to N, many in northern sky, no more than few hundred feet up",1/5/2011
1/2/07 18:00,Columbus,MS,Light,1 minute,"A bright, unblinking green light streaked across the sky at a high rate of speed.",4/27/2007
12/13/06 21:20,Walls,MS,Unknown,15-20 seconds,Dark amber colored object flying at a high rate of speed,2/1/2007
12/6/06 20:45,Lucedale,MS,Triangle,3-5mins,"Large trianglar object with blue lights on the underside hoovering over the northwest side of Lucedale, MS at 20:45 p.m. on 12/06/06.",12/14/2006
11/20/06 1:00,Hattiesburg,MS,Other,throughout the night,I would like to bring something to your attention. You might already know this. ((NUFORC Note: Possibly a sighting of Sirius. PD)),12/7/2006
11/19/06 5:00,Hattiesburg,MS,Light,4 MINUTES,LIGHT MOVING SLOWLY IN WESTERN SKY AT 5:30AM MOVING TO THE NORTH W/O ANY TRAILS,12/7/2006
11/5/06 22:00,Vancleave,MS,Light,1-2 hours,flashing erractic moving light in the sky,12/7/2006
10/19/06 7:05,Olive Branch,MS,Other,2 secs.,"An oddly shaped, black craft with no lights flying at very low altitude was observed at daybreak.",10/30/2006
10/17/06 20:30,Corinth,MS,Sphere,about 1 minute,"Bright orb with odd flight pattren appears, slows down, changes color, and dissolves in the night sky.",10/30/2006
10/4/06 20:00,Water Valley,MS,Fireball,6 secpnds,Fireball observed in N. Mississippi,10/30/2006
9/23/06 23:00,Vancleave,MS,Light,1 hour,"very colorful flashing object in the night sky ((NUFORC Note: Possible sighting of a ""twinkling star?"")",10/30/2006
8/24/06 14:27,D'lberville,MS,Light,,it was huge light we thought it was a plane or something so we just keep on parting then it got bigger or closer it didn't look like a,10/30/2006
8/12/06 2:00,Arlington,MS,Sphere,15 minutes,Orange colored orb with lightning bolts from ground up.,10/10/2014
6/20/06 23:30,Eupora,MS,Other,10 seconds,"Silent near invisiable arrow, reflecting stars, moved across thes sky at night.",7/16/2006
5/20/06 2:00,Soso,MS,Fireball,,A fire blue circular type object.,3/19/2009
3/29/06 20:55,Starkville,MS,Circle,12 seconds,"Silent white object spotted, then moved 2 miles, flashed, moved again, flashed, moved again, flashed 3 times, then dissapeared",5/15/2006
3/3/06 19:15,Carriere,MS,Light,1min,not a plane ((NUFORC Note: Possible satellite?? One of four reports from same source. PD)),3/11/2006
3/1/06 20:00,Macon,MS,Sphere,about 10 minutes,"Orb shaped light seen , lights moved and changed from light to dark as they seemed to move around in a circle.",3/11/2006
2/26/06 17:30,Brandon,MS,Light,1 hour,the most interresting thing we ever saw shear power over gravity and reason .,3/11/2006
2/20/06 20:00,Collinsville,MS,Other,1 minute,Plane and fireball signaling each other?,3/11/2006
2/7/06 16:00,Meadville,MS,Cylinder,1 minute,2 large cylinder shaped objects seen in clear daylight,3/11/2006
1/14/06 10:10,Mendenhall,MS,Diamond,3 minutes,I saw about 30 winged lights and together made a diamond shape flying low in the sky and disappeared in seconds.,2/14/2006
1/5/06 0:00,?,MS,Disk,2 seconds,"Cirlcular disk seen flying along I-20 in Mississippi on January 5, 2006.",2/14/2006
12/19/05 16:45,Columbia,MS,Fireball,apx 15 min's,Object's light looks like a meteor falling in Earth;s atmosphere,2/14/2006
11/23/05 21:00,Puckett,MS,Rectangle,2 min,Very larg and very bright,11/21/2010
10/30/05 1:50,Starkville,MS,Flash,2 seconds,Flash of bright green light streaked across the sky for about 2 seconds.,11/3/2005
10/5/2005,Natchez,MS,Light,seconds,((NUFORC Note: May not be serious report. PD)) Large bright light.,12/16/2005
9/12/05 6:00,Florence/Vicksburg,MS,Fireball,10 sec,Green flash then witness high altitude slow moving large fireball trajectory intersected by,10/11/2005
9/6/05 20:00,Meadville,MS,Other,approx.5or6 min,Please don't laugh at this,10/11/2005
8/31/05 13:00,Mississippi (in flight; near delta of Mississippi River),MS,Rectangle,5-7 seconds,"Passenger witnesses peculiar, rectangular object track his aircraft.",10/20/2005
8/30/05 20:30,Meridian,MS,Other,1 hour,"I saw three bright lights, came back later, and they were gone.",10/11/2005
8/5/05 17:00,Newton,MS,Other,few minutes,Sphere turns into jet,9/2/2005
7/25/05 22:30,Starkville,MS,Flash,2 secs,Green flash seen in sky,9/2/2005
7/5/05 4:30,Lucedale,MS,Unknown,5seconds,heard pup barking and walked outside to see something oddly shaped in neibors yard.at approx.4;30am.,9/2/2005
5/5/05 9:00,Horn Lake,MS,Cylinder,10 sec,2 cylinder or tube objects above the city of Memphis.,9/2/2005
4/15/05 18:00,Gulfport,MS,Other,4 minutes,"Three spheres with lights underneath... all connected. Hwy 53, Mississippi. Turkey hunting.",5/11/2005
3/14/05 23:00,Columbia,MS,Rectangle,30 minutes,"Large craft hovering, with bright clear lights",5/11/2005
3/14/05 23:00,Columbia,MS,Rectangle,30 minutes,"Large ,bright white ,rectangular object hovers in western sky",5/11/2005
3/11/05 23:20,Canton,MS,Unknown,45 seconds,ufo - 2 big white lights - Mississippi,5/11/2005
3/7/05 22:00,Hernando (the outskirts),MS,Teardrop,about 2 minutes,There were 2 of them that changed colors flying right above my head.,4/16/2005
2/25/05 17:30,Biloxi,MS,Sphere,12 minutes,Biloxi Ms Sighting,4/16/2005
2/1/05 22:00,Horn Lake,MS,Triangle,15 min,"Triangle shaped ship with white lights , moving silently threw the sky 500 Lights On Object0: Yes",6/9/2009
1/20/05 6:00,Bruce,MS,Light,All night,It almost looked as if the moon had a shadow and it was falling straight to earth,2/22/2005
12/15/04 4:35,Long Beach,MS,Light,5 minutes,It was 4:25 a.m. on Wednesday 12/15/04 and I was preparing to set out for work. I had taken some water outside to de-ice my truck winds,1/11/2005
12/14/04 4:30,Tremont,MS,Light,2-3 mins,A strange sound appeared to be coming from something hovering over our house. As soon as it came it all of a sudden stopped.,12/14/2004
12/13/04 23:59,Biloxi,MS,Unknown,6 to 8 secs,V shaped light formation travleing S/SW in Biloxi,12/14/2004
11/10/04 23:00,Vancleave,MS,Other,30 seconds,Line of lights follow my car at night,11/21/2010
10/31/04 20:55,Purvis,MS,Formation,2 Seconds,Very dimly lit six object formation traveling north to south at extreme speeds,11/2/2004
10/22/04 18:42,Picayune,MS,Disk,1.30 minutes,Two disk shaped objects at first thought to be mylar balloons or kites in the distance,10/27/2004
10/4/04 11:00,Ridgeland,MS,Disk,not sure,"Low , non moving, white , oval/sperical(blimp like) object seen in Ridgeland at 11 AM.",10/11/2005
9/9/04 21:00,Natchez,MS,Unknown,1:00,"It looked like a star, a bright white light. it was moving from South to the north east.It was moving very fast, and it accelerated fro",9/29/2004
8/24/04 5:45,Long Beach,MS,Light,3 MINUTES,"The lights moved in reverse, forward, up and down.",9/9/2004
8/7/04 20:00,Ridgeland,MS,Circle,30 seconds,Ball of light moving at a rapid speed.,8/11/2004
6/15/04 21:00,Clinton,MS,Triangle,unknown,On-going UFO sightings ((NUFORC Note: Multiple sightings reported by witness; date is approximate. PD)),9/29/2004
6/13/04 4:00,Steens,MS,Light,5 minutes,"Pulsating lights disappearing, then reaperaing and changing location. 500 Lights On Object0: Yes",2/1/2007
6/12/04 23:00,Steens,MS,Light,5 seconds,White light streaking across the sky. 500 Lights On Object0: Yes,2/1/2007
5/10/04 21:30,Brandon,MS,Triangle,5 seconds,three softly glowing disks flying silently and swiftly in a triangular formation,6/4/2004
5/6/04 21:00,Cleveland,MS,Unknown,about 30 mins,It looked like a bright yellow star flickering b & r and also emitting these b & r lights around it. ((NUFORC Note: Venus? PD)),5/10/2004
5/3/04 12:15,Jackson,MS,Disk,Less than 6 minutes,"Disk over downtown Jackson, Mississippi on a clear sunny day",5/4/2004
4/1/04 21:00,Pascagoula,MS,Chevron,20 seconds,Hovering UFO in the shape of stealth plane outlined by moonlight on the Mississippi Coast.,1/5/2011
4/1/04 1:00,Black Zion,MS,Disk,30 minutes,((NUFORC Note: May not be a serious report. PD)) There were about 10 craft dancing above the trees.,5/24/2005
3/28/04 14:30,Laurel,MS,Changing,5-7 minutes,Undulating object seen over Laurel Mississippi on 3/28/04 at 2:30pm,3/29/2004
2/19/04 21:00,Meridian,MS,Triangle,20 minutes,Triangle over pond,7/8/2004
1/10/04 18:00,Jackson,MS,Light,10-15 min,Three lights in a triangular white ligt formation without red flashing lights moving east to west making no sound.,3/9/2004
1/10/04 18:00,Jackson,MS,Unknown,10 -15 mins,I am sending this in order to correct some errors in my previous entry of 3/4/2004. Three lights in a triangular white light format,4/27/2007
1/8/04 16:45,Biloxi,MS,Cylinder,unknown,"A large, cylinder shaped craft was seen hovering above the Gulf of Mexico a mile or so from the city of Biloxi.",1/17/2004
12/31/03 12:00,Olive Branch,MS,Disk,5 min.,A disk shaped copper colored object passed overhead as we were watching hawks flying above. The craft slowly flew past seemingly eratic,10/30/2006
12/21/03 20:00,Shannon,MS,Light,4-5hrs,"2 objects w/Red green/blue white light in sky for hours, started east last I seen almost south",1/17/2004
12/18/03 7:00,Morton,MS,Light,10sec,"When driving to work on I-20 east bound, saw bright orb-like object to the north of an east bound high flying jet. Jet approx. 150ft i",12/19/2003
12/13/03 15:00,Pascagoula,MS,Other,,In November my friend and I were driving back from New Orleans when we saw 1 maybe 2 crafts. I reported it to you a few days after that,12/19/2003
12/11/03 20:30,Belzoni,MS,Light,10 minutes,"I was going home to Arkansas after attending a company meeting in Jackson, MS on 12/11/03. About 12 miles out from Belzoni, MS on Rout",12/19/2003
11/28/03 22:00,Jackson,MS,Light,2 seconds,green light moving at high rate of speed,12/9/2003
11/22/03 23:00,Georgetown,MS,Light,several hours,"We noticed a light in the sky we first thought was a bright star. It moved irratically up and down and in circles. With binoculars, we",11/26/2003
11/19/03 22:41,Hattiesburg,MS,Triangle,4-5 seconds,Triangular Object - Silent - No lights - Low Flying - Light colored markings on underside,12/12/2009
11/6/03 17:50,Gulfport,MS,Changing,4 min,"Cluster of small red blinking lights that changed shape with each blink, no background",11/26/2003
11/5/03 17:00,Pass Christian,MS,Disk,20-30 MIN,IT WAS ROUND AND FLAT LARGER THEN A HOUSE WITH RED LIGHTS ON THE SIDE AND WHITE LIGHTS UNDERNEATH.,11/8/2003
11/5/03 8:30,Horn Lake,MS,Fireball,5 seconds?,"Totally unexpected, brilliant and very possibly a slightly curved course.",11/8/2003
9/28/03 12:00,Amory,MS,Sphere,15 minutes,"3 spheres spotted over Amory, MS while jets from Columbus AFB were training overhead.",1/19/2005
6/15/03 16:00,Carthage,MS,Egg,25 minutes,saw something weird on the 15th,6/18/2003
4/17/03 4:00,Starkville,MS,Light,two minutes,"BRIGHT LIGHT MOVING ACROSS SKY, SLIGHTLY ZIG ZAGGING, MET 2 OTHER FAINT LIGHTS...GONE",4/22/2003
1/12/03 19:00,Biloxi,MS,Light,2-3 Min.,Biloxi couple witnesses odd lights over Gulf of Mexico,3/21/2003
1/9/03 21:00,Vancleave,MS,Disk,,I was staring at a object with about 4 bright lights across the front with one red blinking light it was shaped like a saucer.,3/21/2003
10/10/02 23:00,Fayette,MS,Light,4 minutes,"Bright white light that slowly moves overhead and suddenly fades away, while making no sound..",8/15/2014
10/3/02 14:00,Olive Branch,MS,Disk,about or around 10 minute,We saw two disk like objects crash.,12/23/2002
9/29/02 17:30,Biloxi,MS,Light,2-3 Min.,Couple observes Star-like objects over Keesler AFB,10/15/2002
9/22/02 20:00,Lake Center,MS,Teardrop,3-4 Min.,"Trucker observes Star-like object near Lake Center, Ms.",10/15/2002
8/1/02 23:00,Flowood,MS,,5-7 sec,"look guys awhile back my wife and i saw something that was very strange,we had gone to bed and was laying there talking the lights were",9/29/2004
8/1/2002,Hermantown,MS,Triangle,1 minute,"details of my first sighting of triangle in Hermantown. I don't know its altitude, but it took up half my windshield!",11/16/2002
7/12/02 22:08,Clinton,MS,Triangle,appx. 2 minutes,"Triangular object seen twice within one hour, in a city area, 4 witnesses.",7/26/2002
6/7/02 12:30,Tupelo,MS,Sphere,10 seconds,Tupelo woman has daylight sighting,6/12/2002
1/27/02 19:10,Pontotoc,MS,Triangle,25min,I saw a v shaped craft come straight up out of the west it took about 5 mins to rise to around 2000 ft it stopped for a couple of mins,1/29/2002
1/19/02 22:00,Long Beach,MS,Changing,15:00,saw it as one shape then changed to two moved too quickly to be a plane and changed direction of flight to abruptly,1/29/2002
1/8/02 20:30,Pontotoc,MS,Other,60secs.,"Large, low-flying rectangular object sighted 11/19 at 9:45 PM 3 wedged shaped they had red green white &yellow lights no sound appro",2/22/2002
1/8/02 18:40,Pontotoc,MS,Other,30seconds,i saw a wedge shaped craft at about 6:40 pm it was heading in an east to south direction i would say that it was at about 2000 feet it,1/11/2002
12/30/01 17:40,Clinton,MS,Triangle,5 minutes,Triangle with lights on each corner.,1/11/2002
11/16/01 17:30,Vicksburg,MS,Teardrop,10 min.,UFO sighted by numerous people,11/20/2001
11/13/01 21:15,Philiadelphia,MS,Circle,past 45 min,"a bright colored lite appeard in the sky, to the left of the big dipper/ It would change colors and had bright flashes of light behind",11/20/2001
11/5/01 16:30,Gulfport,MS,Disk,Unknown,Photographs reveal disk-shaped object and spherical object over Mississippi Gulf Coast,11/20/2001
10/31/01 23:30,Clinton,MS,Fireball,3-5 seconds,Green fireball seen shooting up from the ground,1/29/2002
10/11/01 8:15,Columbia,MS,Teardrop,5 minutes,"short vapotr looking teardropped object, always beside the sun!!!noticed from 10/11-10/26/01",11/20/2001
9/27/01 20:00,Jackson,MS,Light,20seconds,"A light brighter than Venus, moving in an 'S' pattern, fades into the darkness of the southern sky.",10/12/2001
9/27/01 3:00,Madison,MS,Changing,40 seconds,I was in 9th grade and had fallen asleep during a movie at a friend's house who live in the same dark and quiet neighborhood.,8/11/2017
7/18/01 4:45,Hattiesburg,MS,Light,"1hr, 15min","Bright, red pulsing object in the north eastern section of the sky.",8/5/2001
7/16/01 13:00,Durant,MS,Circle,10 Minutes,"Strange events in the sky above Durant, Mississippi",4/27/2004
7/15/01 19:00,Ellisville,MS,Circle,90 seconds,Distant lite circular hovered briefly and then streaked away (not of this world's technology),2/8/2005
6/24/01 13:00,Tupelo,MS,Unknown,1 hour,"UFO over Tupelo, Mississippi ????",6/20/2005
6/23/01 21:24,Byhalia,MS,Disk,9min and 32sec,"disked shape, black except for blinding bright lights, does not fly as high as commercial jets",10/12/2001
6/5/01 0:15,Pascagoula,MS,Disk,20 min,one object. white on top and red on bottom spinning and darting. Black backgound. I have pictures on my camcorder. You should see.!!!,8/5/2001
5/15/01 21:00,Vicksburg,MS,Oval,5/15/2001,first i need to tell yall i will not be home until after the forth of july,8/5/2001
5/11/01 4:30,Horn Island,MS,Disk,several minutes,strange light from sky,12/5/2001
5/4/01 21:10,Indianola,MS,Sphere,10 secounds,Green fireball seen heading east.,8/5/2001
3/22/01 18:30,Jackson,MS,Oval,1 minute,"Heavenly object spotted near Jackson, Miss.",4/1/2001
3/13/01 19:00,Pontotoc,MS,Light,15 minutes,"Twice I saw a bright light in the Direct West Sky in Mississippi, then it suddenly disapeared, UFO may-be? I hope so.",3/16/2001
3/8/01 20:00,Lucedale,MS,Light,baseball game,A circle of light,3/16/2001
3/3/01 19:00,Pontotoc,MS,Light,about 1 hour,Bright light in the sky. UFO or What?,3/16/2001
2/23/01 21:00,Long Beach,MS,Circle,5 seconds,I witnessed a large circular row of lights that appeared directly over a jet I was watching and moved away at a rapid rate of speed.,3/6/2001
1/29/01 19:20,Como,MS,Triangle,15 sec,A rounded shape triangle with bright florscent lights.,2/18/2001
12/23/00 4:00,Toomsuba,MS,Oval,about 2 (two) minutes,"A silent solid red oval shaped craft with no blinking lights is sighted in Toomsuba, MS.",1/3/2001
12/15/00 22:00,Brandon,MS,Fireball,10 seconds,bright light that appears to be aircraft planning to land but then suddenly changes course and flies in opposite direction like a bulle,11/20/2001
11/25/00 20:45,Ellisville,MS,Triangle,20 seconds,long triangle shaped object with lots of lights and soundless,4/1/2001
11/14/00 18:30,Kiln,MS,Unknown,3 MINUTES,"Helicopter ""Escorting"" Strange object with Straight row of Rectangular Lights towards Seal Base",12/2/2000
10/30/00 20:30,Pearl,MS,Triangle,4 minutes,"3 of us saw a craft fly, hover, and then take off very quickly - all this with no sound",5/24/2005
9/15/00 8:00,Tupelo,MS,Disk,20-30 sec,Man & wife watching contrails witness silvery disc,9/17/2000
9/15/00 1:30,Greensville,MS,Disk,1:31,I did not see it at the time. I was messing around with my friend taking pictures and that was in my picture. I do not know for sure if,1/11/2002
9/9/00 21:30,White Oak,MS,Fireball,20sec,fireball with small round object leaving it after fireball exploded,12/2/2000
8/15/00 10:15,Noxapater,MS,Cone,ufo,Too fast to be normal and unusual silence along with the craft changing to multiple colors very rapidly.,1/11/2002
8/9/00 22:00,Starkville,MS,Fireball,20-40 seconds,"I thought, I was about to see a shooting star, when a lime green ball of light erupted and trailed downward for over 30 sec.",8/19/2000
7/1/00 4:00,"Tylertown, MS/Memphis,TN",MS,Light,hours,orange light getting closer by the hour; 2 aliens seen by my own eyes. 500 Lights On Object0: Yes,3/4/2008
6/22/00 17:30,Tupelo,MS,Disk,4 Min,"My daughter and I witnessed 3 brightly-lit craft just west of Tupelo, Ms. near Belden Truckstop. One left a trail, then one disappeared",7/11/2000
6/15/00 17:45,Caarthage,MS,Triangle,12 minutes,Wife & Ilooking up saw craft enter field of view traveling E to W at a steady pace made no sound about 180' to 240' above ground.,7/4/2012
3/9/00 20:45,Olive Branch (Desoto City) (5 mi. S of Memphis),MS,Fireball,4-5 SECONDS,I WAS ON MY WAY TO WORK WHEN I WITNESSED AN ORANGE/RED FIREBALL WITH A REAL BRIGHT WHITE SILVERY LIGHT PERTRUDING OUT THE FRONT/TOP THA,4/1/2000
2/21/00 20:40,Tupelo,MS,Cylinder,30 sec,cylinder object seen in front of moon. after 10 sec slowly decending,2/23/2000
11/18/99 0:18,Sumrall,MS,Unknown,1 minute,Viewed craft with hot pink coloration in the south west the craft was similar to the one reported at 21:35 on 11/17/99. It also was se,11/23/1999
11/17/99 21:23,Sumrall,MS,Unknown,2 min,Viewed a ball of hot pink light above the treetops. It was moving sporadically up and down and side to side. Then after approx. 2 min.,11/23/1999
11/12/99 23:45,Jackson,MS,Sphere,5-10 seconds,"Four spherical objects, three traveling in an equilateral triangle formation fourth tailing behind and off to the right",11/23/1999
11/11/99 2:00,Meridian Navel Air Station,MS,Formation,3-5 seconds,Formation of 5-7 red steady lights traveling in a SSW direction.,11/23/1999
11/9/99 17:10,N State St,MS,Disk,?,One light disc shaped. Far away. No movement over 5 minutes.,9/6/2002
10/26/99 23:13,Laurel,MS,Oval,3min.,bright object moving slowly across sky .Too bright to be airplane and no red or green wing lights,11/2/1999
10/26/99 23:12,Petal,MS,Triangle,3 mins,"Object was seen heading north just east of Petal, Ms at appox 1500ft It was the size of a DC-10...It hovered , and moved slowly to the",11/2/1999
10/25/99 11:30,Florence,MS,Changing,1min,saw a shiney object moving from west to east and i was looking north.it had no sound.,11/2/1999
10/2/99 22:00,Vicksburg,MS,Circle,2 minutees,large object seemed to be hovering over the trees.,10/19/1999
9/20/99 13:00,Hattiesburg,MS,Sphere,6 to 10 seconds,I was watching the sky when over head I saw a Black spherical object pass over.,10/2/1999
9/7/99 5:40,Gulfport,MS,Sphere,3-5min,"slow moving bright sphere, traveling due North. Object was followed shortly after by a dim red, much smaller object, traveling much fa",9/12/1999
6/30/99 23:00,Mississippi (location unknown),MS,Light,4 minutes,"AS WE WERE TRAVELING FROM SC TO TEXAS I AM NOT EVEN SURE OF THE STATE. IT WAS LATE AT NIGHT AND WE SAW A VERY LARGE ORANGE LIGHT, MOV",9/17/2003
6/10/99 7:20,Tupelo,MS,Sphere,,i was out cuting the grass and on the lawnmorer and looked up and saw 2 sphere's race across the sky. i cant explane it but they where,6/23/1999
4/2/99 22:30,Natchez,MS,Triangle,10 seconds,Two lightly orange glowing triangle objects,4/26/1999
3/22/99 21:00,Jackson,MS,Light,4:00 Minutes,My wife was walking to the driveway to leave and called me outside. We spotted a large blinking white light moving in a zig-zap pattern,4/2/1999
3/1/99 18:00,Lumberton,MS,Changing,4 hours,"The night before the comet, at first that's what I thought it was. It originally appeared as a ""ball of fire"" in the sky. Then two more",6/23/1999
2/7/99 1:30,Natchez,MS,Oval,60 minutes,"Sunday morning, 2/7/99, from approximately 1:30 - 2:30 am, over Natchez, Mississippi, a stationary, hovering, oblong aircraft with flas",4/2/1999
2/3/99 4:00,Grenada,MS,Fireball,3 TO 5 SEC.,I WAS DRIVING NORTH ON I 55 JUST NORTH OF GRENADA MS EARLY WEN. MORNING WHEN I SAW A GREEN FIREBALL WITH A LONG WHITE TAIL TRAVELING TO,2/16/1999
1/17/99 23:00,Brookhaven,MS,Fireball,2 minutes,Appered to be shooting star at first. Stopped in mid air. Covered appx 5 miles in the sky in appx 2 seconds. Stopped again. Vanishe,2/16/1999
11/11/98 21:45,Oxford,MS,Triangle,45SEC-1.5MIN,"Slow fliying, triangular shaped object, that moved from the horizon, overhead, until it vanished from sighton the opposite horizon",11/19/1998
6/30/1998,Jackson,MS,Cylinder,3min,((HOAX??)) This event happen in the late 90s.,11/28/2007
6/21/98 23:30,Waveland,MS,Oval,5 minutes,I was on my pourch talking to my neighbor latr at nite.I looked up in the sky across the power lines about 1000 feet up and i saw a sma,4/2/1999
6/15/98 20:00,Pontoto/Thaxton (between),MS,Triangle,35min,"ME,my dad and two of my friends where coming home from bible study one night when I spotted a large craft above the road it appeared to",4/26/1999
5/15/98 21:45,Sebastopol,MS,Light,~15 minutes,"Strange, unidentified light that makes seemingly intelligent responses to it's sighting.",2/28/2013
5/15/98 7:30,Nettleton,MS,Light,15-30 Sec.,"Red light viewed over Nettleton, MS light acended from trees and disappeared with two jets a minute behind.",4/27/2007
3/15/98 13:00,Southaven,MS,Disk,20 min.,"My Grandmother and I were going home on Hwy 51 in Southaven, MS when I saw a flying disk, metalic in nature move through the sky.",6/18/1998
1/25/98 20:30,Ripley,MS,Light,20:33,Looked like a star then started moving slowly. After a few minutes it streaked off as if it where the speed of light.,8/5/2001
12/31/97 17:45,Gulfport,MS,Triangle,under 1 min,"Triangle UFO near Gulfport, MS 12/31/97",12/2/2000
12/31/97 17:45,Gulfport,MS,Triangle,unknown,NOTE: I received a letter from the witness on 07/16/00. I sent her a letter asking if she would like to file an offfical report with,7/23/2000
11/9/97 21:00,Perkinston,MS,Cigar,7 minuets,Cigar shaped ufo sighting in southern mississippi. huge. at night.,5/13/2012
8/2/97 22:00,"Hwy. 15 (S)/Hwy. 72 intersection, 1 mi. E of)",MS,Fireball,5 SECONDS,SAW BRIGHT ORANGE FIREBALL CROSSED SKY LEFT TO RIGHT IN FRONT OF CAR..LOW AND BRIGHT FOR 5 SECONDS LEFT TO RIGHT. EXPLODED TO BRIGHT GR,2/16/2000
7/14/97 23:15,Pascagula,MS,Egg,3:00 min.,"I experienced a u.f.o. sighting that I dont fully understand who,what or why?.",4/1/2001
4/3/97 21:00,Kosciusko,MS,Light,5 minutes,"Flashing Lights Seen Over Treeline in Kosciusko, MS 1997",5/2/2003
3/22/96 16:00,Meridian,MS,,20 sec.,"Man, former USAF intel. officer, sees spinning, silver colored, metallic opal-shaped obj. to S of Hwy 20. Obj. instantly disappears!",11/2/1999
12/18/95 21:00,Clinton,MS,Triangle,5 minutes,Trinagular Object,9/17/2003
11/12/95 19:00,Keesler AFB,MS,,1 hour,"Man rpts. bizarre obj moving in night sky near ""Keesler"" (AFB?). Other objs near. All w/ strange red & blue lights, maneuvered.",9/19/2002
9/22/95 16:00,Meridian,MS,Other,30 sec,I was on the 5th floor of the hospital in the room with my grandmother who was dying. She died at approx 4 pm. Other family members wer,5/24/2005
9/20/95 22:00,Sunflower,MS,Cylinder,5 mins,1995 Blue cylinder object flies over car stops and darts off with great speed.,4/17/2008
2/15/95 7:30,Vaiden,MS,Cigar,5 minutes,Saw cigar shaped object in Carroll county mississippi,10/30/2006
1/8/95 4:00,Enterprise,MS,,15 min.,"A woman video tapes two bright objects, which hovered in the sky, then rose and disappeared from sight.",11/2/1999
11/15/94 4:00,Lucedale,MS,Disk,3-4 min,I was caught in the light,5/15/2013
10/1/94 17:00,Tylertown/McComb (between; on Hwy. 98 ),MS,Changing,20 minutes,"orange molten-metal, crescent-shaped object paralleling car for 15 - 20 minutes",6/12/2008
7/15/94 22:00,Raymond,MS,Other,3-4 secs,"2 goose shaped, lear jet sized craft at tree top level",12/7/2006
4/25/94 21:00,Pascagoula (approximate),MS,Flash,2 seconds,"I saw a powerful multi-colored fan of laser-like light emanate from deep in a swamp while I was travelling by car, heading west on I-10",10/2/1999
3/24/94 23:30,Sturgis,MS,Disk,4 minutes,"They could have been traveling by power from magnetic fields, they appeared to slip through the sky.",4/9/2004
12/28/93 1:00,Topton,MS,,5 min.,seconds to us are hrs to them.the 5th alien or the mantis w/flies eyes.have others seen it ?????,9/2/2005
9/15/93 2:00,Long Beach,MS,Chevron,ONE MINUTE,"I WAS UP WATCHING TV WHEN I REMEMBERED THAT I HAD LEFT SOMETHING IN MY CAR. SO AS I WALKED OUTSIDE I LOOKED UP, AS I ALWAYS DO IN HOPE",1/28/1999
6/1/93 23:00,Clarksdale,MS,Oval,home,"the lighted object i seen in the sky was no airplane, i know what i saw!",3/21/2003
5/15/93 2:30,Florence,MS,Fireball,5 sec,"green fireball w/long tail came straight down, when object reached horizon, was big flash like a huge explosion lit the whole sky for 1",11/20/2002
5/1/93 18:00,Magnolia,MS,Cigar,5 minutes or so,Oval shaped object with flashing lights had no sound & it only was there few minutes & left as a flash thru the sky.,6/18/2004
2/15/1993,Mississippi (rural; location unspecified),MS,Sphere,~5 minutes,squat spheroid ufo with fanlike underside structure and evenly spaced lights around equator of object,12/16/2005
6/30/92 22:00,Mendenhall,MS,,Few minutes,We were walking down a dead end road that lead to my grandma house and my friends house it's a big field to the left we saw perfect bal,7/14/2017
5/1/92 17:00,Mt. Olive,MS,Circle,1 minute,Two flying crafts seen in broad daylight.,6/12/2008
8/1/91 19:00,Columbus,MS,Triangle,10-15 min,Two people view triangular hovering object.,5/9/2003
1/10/91 2:15,Canton,MS,Light,45 min,fast light in the sky,10/15/2003
12/1/89 19:00,Vancleave,MS,Triangle,1 minute,Triangle lights hover over pond,11/21/2010
8/10/89 14:00,Tupelo,MS,Cylinder,4 sec,Cruise type missle seen in civilian airspace,7/23/2000
7/1/89 21:00,Tupelo,MS,Disk,10 seconds,The object was a football shaped object with no lines it had a pulsating green haze and a trail of green light.,10/15/2003
5/19/89 20:00,Quitman,MS,Circle,1 hour,Circular craft outlined with white lights left perfect ring of fire behind,3/2/2004
4/20/89 13:00,Tupelo,MS,Egg,not sure exactly,Very bright egg shaped object and some missing time.,7/7/2017
8/2/88 20:00,Clinton,MS,Circle,5 minutes,"A colorful ring of lights hovering over someones house, then it moved away making no sound over the trees...",11/8/2003
6/1/88 20:00,Carrollton,MS,Circle,30 sec,Round large object on Hwy 82 in Carroll County,12/7/2006
4/30/88 22:00,McNeill,MS,Cigar,15 minutes,"Cigar shaped object, whose ends rotated and blinked lights, the ends separated from main object and shot up quickly above the main one.",8/7/2007
10/15/87 21:00,Itta Bena,MS,Circle,5 min,I saw a UFO one fall night in the shape of a golden circle.,11/4/2002
7/15/87 2:00,Richton,MS,Other,6-7 minutes,"Richton, Ms. ""lights Above""",3/21/2003
6/10/87 7:00,Jackson,MS,Diamond,,What we thought was an airplane in trouble and getting ready to crash land was really a diamond shape UFO,6/12/2008
6/20/86 14:00,Meridian,MS,Cylinder,10 seconds,"Silver cylinder craft flying silently, lower than normal air craft, rotating as it flew, with writing on the side (could not read it)",6/24/2016
11/9/84 4:00,Brandon (outside Jackson),MS,Cylinder,1-5 minutes,"I lived in Crossgates on the north end of the lake I woke up suddenly, got up out of bed and looked out the glass doors. Just above tr",2/27/2000
5/1/83 19:00,Washington County (rural),MS,Diamond,2 hours,Diamond shaped craft sighting followed by missing time 500 Lights On Object0: Yes,3/19/2009
10/12/82 5:30,Pearlington,MS,Light,20 seconds,While fishing on the east pearl river which seperates la./ms. north of i10 near stennis we saw a white round light just above the trees,12/12/2013
10/12/82 5:30,Pearlington,MS,Light,29 seconds,Round light which was observed going into space with moves and silence that we have never seen before.,12/12/2013
8/1/81 20:00,Carnes,MS,Triangle,10-15 minutes,"Trangulat object, with lights on each side, traveling just over treetop high at very slow speed and no sounds. It went directly over.",4/25/2002
12/1/79 1:00,Water Valley,MS,Cigar,20 seconds,the strange object in the sky that I do not talk about but will always remember,5/11/2005
7/15/79 12:00,Hattiesburg,MS,Unknown,5 seconds,"Sensation of loud noise, crash, and time stopping",7/16/2006
7/1/79 0:00,Florence,MS,Disk,LESS THAN 5 MINUTES,Around midnight came to a T section silver disc was hovering treetop level above trailer & zoomed up & to the left & disappeared with n,3/9/2004
5/15/79 14:30,Sanderville,MS,Oval,4 mintues,"Oval shap,(like a basket ball) dull grey color, that made no sounds.",12/7/2006
7/22/78 2:30,Gulfport,MS,Chevron,5 minutes,Grouped lights in sky moving fast in a configuration of a chevron or partial diamond.,10/23/2013
7/15/78 2:00,Gautier,MS,Disk,30 minutes,bright multi-colored lights emanate from disc flying/hovering silently approx 500 ft in the air.,3/4/2008
6/24/78 1:00,Gulfport,MS,Other,5-10 minutes,"Orb of light enters body, awake temporarily paralyzed, followed by prophetic visions and drawings",10/23/2013
3/15/78 13:00,Mississippi (rural),MS,Disk,30 seconds,Not your typical saucer expectation.,10/23/2013
2/11/78 3:00,Escawtawpa,MS,Disk,3hrs,This is a example of the way they get fuel for their craft.(UFO's),10/8/2007
12/24/77 0:00,Jackson,MS,Unknown,2 min,"it was xmas eve, we decided to take a different routte when we went through the town phocahuntis... we stopped at this stop sign when t",9/13/2002
11/27/77 19:06,"Jones/Jasper Co. line, Hwy.15N",MS,Other,3min.,"3 objects 90 ft. tall . observed from 270 ft. away. objects were 2 blue pyrmids pointing into red ball, shooting shafts of white light",9/13/2002
11/11/77 22:00,Jackson,MS,Triangle,5 min,large black triangular craft with searchlight moving slowly,4/16/2005
10/15/77 21:00,Biloxi,MS,Triangle,<1 minute,Silent black triangular object flying at low level near Kessler AFB.,3/19/2009
8/1/77 16:00,Tinsley,MS,Cigar,5 minutes,Cigar multi light craft over tree line in Tinsley Ms.,9/24/2012
6/1/77 23:00,Yazoo City,MS,Oval,20 minutes,Peaceful amber lights surround the small craft with high illumination,10/20/2005
5/1/77 17:00,Yazoo City,MS,Oval,1hour?,Two oval crafts with amber colored lights seen in1977.,6/12/2002
4/15/77 17:00,Hattiesburg,MS,Cigar,45 seconds,cigar-shaped white mettallilc object with four red and green lights positioned beside it - seen in daylight,6/12/2008
4/15/77 5:00,Hattiesburg,MS,Cigar,45 seconds,cigar-shaped white mettallilc object with four red and green lights positioned beside it - seen in daylight,6/12/2008
9/1/76 22:30,Belzoni,MS,Light,15-20 min.,Spotted air craft hubbering about 1/2 out infront of us as we got out of our car. Stood and watched it for 15-20min. until it sped away,4/26/1999
6/14/76 13:00,South Hattisburg,MS,Oval,5 minutes,2 cup-shaped objects over Black Creek Reservoir.,12/20/2012
6/1/76 19:00,Chunky,MS,Disk,20 seconds,Silver disk with light beam,5/27/2003
6/1/76 2:00,Pass Christian,MS,Light,,Haunting overhead light,3/19/2002
6/1/1976,Pine City,MS,Cigar,5 seconds,UFO sighted in Pine City Mn.,1/11/2002
12/31/75 19:30,Webb,MS,Disk,approx 5 mins,My wife and myself were traveling to a friends house for a new years party. We started from Coffeville Missisippi on State Road 32 via,6/18/2004
11/1/75 17:00,Natchez,MS,Oval,20 SECONDS,LARGE GLOWING OVAL SHAPED CRAFT NO IDENTIFING MARKINGS.WENT FROM HOVERING OVER TREES TO THE HORIZON MILES AND MILES AWAY IN ABOUT 2 SEC,7/16/2003
10/15/75 16:00,Batesville,MS,Sphere,10 min,Shiny Silver Sphere seen for about 10 minutes in rural North Mississippi circa 1975,6/12/2008
8/15/75 18:00,Grenada,MS,Disk,30 minutes,3 UFO's over Grenada Lake; Mississippi,7/4/2012
7/20/75 20:30,Tupelo,MS,Cigar,10-12 sec,Tupelo man observes cigar-shaped craft,7/23/2000
6/15/75 19:00,Hancock County,MS,Disk,8-10 minutes,1975 or it could have been 1974. Full summer. June or July about 1900 hours. Traveling east bound on the Kiln Delisle Road. A Part of t,6/24/2015
9/15/74 20:00,Hattiesburg,MS,Triangle,a few minutes,three lights in triangle shape bright flashing and incredible movement,12/3/2004
7/15/74 14:00,Carthage,MS,Unknown,2 Hours,The object did not move in the night sky for over an hour and then it streaked across the sky and was gone!,4/13/2010
7/5/74 23:00,Jackson,MS,Triangle,10-15 minutes,Three bright lights positioned like a jet 's landing lights follow the car in Mississippi.,10/31/2003
5/15/74 0:00,Jackson,MS,Unknown,20-30 minutes,"I was followed at close range by an object with 3 very bright lights near Jackson, Miss.",12/2/2000
3/15/74 18:00,Tula,MS,Circle,30 minutes,Round disk seen in field across from home in the 70's.,2/7/2014
10/15/1973,Pascagoula,MS,Disk,,"I was stationed at the coastguard base in pascagoula mississippi,when we were talking about the hickson case where in the 1970s two men",6/1/2016
10/8/73 18:30,Tupelo,MS,Disk,4 sec,"Father and Daughter sees disc over Tupelo, Ms.",7/23/2000
9/10/73 17:00,Moss Point,MS,Circle,3 hours overall approx.,"it was round and glowing like a full moon, the color was sort of a white or gray",1/17/2004
4/28/73 20:00,Ocean Springs,MS,Triangle,5 min or so,The object was triangle in shape and had two white lights in the front and several in the back.,2/22/2005
9/15/72 7:00,Tupelo,MS,Oval,03 min,School Teacher observes large Oval craft near Tupelo,7/29/2000
6/1/72 22:00,Bilxoi,MS,Disk,5 minutes,It was about 10:00 pm on a warm June night. I was riding my bike near the Ancient Oaks subdivision golf course in North Biloxi. This wa,7/1/2002
6/1/1972,Gautier,MS,Other,3 hours,"We saw two stars slowly moving in the milkyway, stopping, starting, making right turns, shining a light.",7/11/2000
10/15/69 6:00,Pearl,MS,Cigar,15-20 minutes,Long overdue report of UFO witnessed at a close range--years ago,1/17/2004
6/1/69 23:00,Philadelphia,MS,Circle,,Moon shaped object in pasture,11/3/2005
7/15/68 22:00,Columbus,MS,Other,15 min.,"on the night a buddy and me saw said ufo, it was approx. 5 feet above power lines going only about 5 miles per hour. It had no visible",5/12/2011
6/1/68 22:00,Mississippi (rural; hitchhiking),MS,Circle,9 hours,Myself and a friend are missing time after seeing a UFO,8/12/2008
9/1/67 18:00,Bentonia,MS,Light,5 min,a light that did not light the ground around me but was so bright i just could look at it then it shot across the sky,1/10/2009
10/30/66 17:50,Gulfport,MS,Egg,South to North,"15 feet across, Egg shaped, Internally Glowing Very Bright, Briliant, SOLID RED Colored Objects slowly passes over street.",3/21/2003
10/1/65 6:40,Biloxi,MS,Other,15 Min,"Cloud, hovering then moving at right angles with pulsating light coming from within",11/17/1999
10/9/63 21:30,Laurel,MS,Oval,7 minutes,"1963 sighting of beautiful objects in southeast Mississippi , worth reading",4/28/2001
7/20/63 19:30,Tupelo,MS,Disk,1 hour,12 year old Girl and family sees Disc over high-power lines,7/23/2000
7/22/52 9:30,Okolona,MS,Oval,5 Min.,Oval UFO paces occupants in automobile for 5 minutes on major highway,7/23/2000
6/15/51 20:30,Greenville,MS,Disk,5 minutes,Sighting of white lights in evening sky west of Greenville MS circa 1951.,2/14/2006
7/2/50 21:00,Bay St. Louis,MS,Light,5 1/2 hours,"It was the July 4th weekend, Bay St Louis MS was deserted, the nearby Movie theater and bar were closed early, and the locals had left",3/2/2004
6/20/50 10:00,Booneville,MS,Disk,4 sec,Youngster observes shiny disc-shaped craft,7/23/2000
6/1/50 16:00,Philadelphia,MS,Disk,ten minutes or less,Childhood sighting of disk witnessed by mother and sons.,6/12/2008
6/1/50,Crowder,MS,Unknown,,"Large circular area of cotton plants appearing ""scalded"" which subsequently died leaving bare dirt. No evidence of infestation found.",1/21/2008
7/15/49 20:30,Booneville,MS,Unknown,hours,"Returning home from a movie, we witnessed a large craft about 75 yards behind our house, hovering silently approx. 100 ft. high...",7/5/1999
1975-78 22:00,Columbia,MS,Fireball,3 hours,"Small stationary light grew brighter as if nearing Earth for two hours, began moving south slowly over approximately one hour, then spe",2/16/2000
1970 22:00,Raymond,MS,Disk,30 min.,BEINGS FROM SPACE ARE LIVING HERE ON EARTH.,10/12/2001