3/5/12 22:00,Ainsworth,NE,Light,4-5 seconds,"Bright white light, about 5 times brighter/bigger than the brightest star at night, north of Ainsworth.",3/13/2012
9/25/08 3:30,Ainsworth,NE,Triangle,30 seconds,Three objects that are silent and unexplainable,1/10/2009
8/18/07 23:00,Ainsworth,NE,Triangle,2 seconds,"Strange lights over Ainsworth, NE, 2007",10/8/2007
3/20/04 0:15,Ainsworth,NE,Light,2-3 seconds,Bright blue light covered sky on clear night while driving on highway.,3/23/2004
12/15/95 22:00,Ainsworth,NE,Light,30 minutes,"Stationary light turns off then on then remains in sky for the entire next day, but nobody notices?",3/8/2007
9/21/05 5:45,Albion (rural),NE,Flash,5-10 seconds,Unexplained bright light in early morning hours,10/11/2005
7/22/09 21:00,Alliance,NE,Light,30 minutes,Saw 7 ufo's in the night sky; all within a 30 min.; most of which were going different dir.'s. ((NUFORC Note: Satellites? PD)),8/5/2009
10/8/03 19:05,Arthur,NE,Light,25 seconds,Very bright light 4x size of Mars.,10/15/2003
8/15/80 17:30,Arthur,NE,Light,15 min.,arthur nebr lights!!!!!!,2/18/2001
3/4/17 5:45,Ashland,NE,Diamond,2,Driving on I-80. We look up and see a bright diamond shape object like a star fly away into darkness. ((anonymous report)),3/10/2017
10/27/16 23:45,Ashland,NE,Sphere,10 seconds,Watched a bright green glowing sphere travel across a field.,11/4/2016
3/11/16 21:40,Ashland,NE,Light,Few seconds,"White, trailess, orb fell straight down in the north eastern sky from a vantage point between Omaha and Lincoln, Ne",3/18/2016
11/30/03 12:45,Ashland,NE,Disk,3-5 MINUTES,LARGE DARK DISK SHAPED OBJECT WITH VERY BRIGHT LIGHT SEEN IN DAYLIGHT-HAVE VIDEO PROOF,12/9/2003
11/30/03 12:45,Ashland,NE,Disk,2-3 Minutes,Film is seen by who knows how many hundreds of people and is considered to be authentic & has been determined that it is not a Hoax.,1/19/2005
4/15/98 3:30,Ashland (outside Douglas Co.),NE,Fireball,30 min +,"I remember this date and time distinctively , as it wax tax day , my first year in buisness . A friend and myself decided to go catf",4/27/2004
7/4/15 21:30,Auburn,NE,Unknown,15 minutes,"White or yellowish solid lighted objects, seven in a row seen traveling across the night sky.",7/6/2015
4/14/04 3:00,Barnegat,NE,,5 minutes,"Low Hum ,Dead Grass",5/4/2004
8/11/11 11:30,Beatrice,NE,Light,3-4 hours,"Light seen in Beatrice, NE changing colors, moving rapidly and producing two others.",8/21/2011
1/24/09 0:30,Beatrice,NE,Disk,4+ hours,4 hours in the sky.....same location.....colored lights,3/19/2009
3/13/07 21:00,Beatrice,NE,Light,Two Days,"I saw a low positioned yellow light that disappeared after a short period of time, haven't seen it since.",4/27/2007
9/6/67 18:00,Beatrice,NE,Disk,1-2minutes,sighting of disc in Beatrice Nebraska,4/27/2004
7/1/56 16:00,Beatrice (14 mi SW of),NE,Other,2 minutes,Large pale silver dome seen over a hill and also near the house of SE Nebraska farm.,7/13/2005
10/3/03 22:45,Beaver Crossing (approx. 15 miles from I-80 loop; near ),NE,Other,30 sec-1 min,Black flying object beside our van...,12/12/2009
5/24/06 23:20,Beaver Lake,NE,Light,5 minutes,Light in the sky south of offutt AFB,7/16/2006
10/8/16 20:10,Bellevue,NE,Oval,~20 minutes,Four identical objects observed Near OAFB by two adults.,10/11/2016
8/21/15 23:20,Bellevue,NE,Triangle,3 minutes,"Large triangular shaped object, estimated to be 500-750 ft across, gold colored, moving slowly, no sound.",8/27/2015
10/7/13 23:45,Bellevue,NE,Diamond,3 hours,Diamond shape 4 strobe colored Object moving north to south.,10/14/2013
9/30/11 21:00,Bellevue,NE,Sphere,1 hour,"Very unusual craft seen over Bellevue NE, headed for Offutt.",10/10/2011
9/11/11 22:30,Bellevue,NE,Sphere,5 min,orange and yellow sphere,10/10/2011
8/1/06 10:00,Bellevue,NE,Changing,A few minutes,Shape-Changing Aircraft,10/30/2006
11/20/05 22:15,Bellevue,NE,Fireball,5 seconds,"Large, bright, Green Fireball Object was seen falling from sky, disappeared after 5 seconds",12/16/2005
7/7/04 0:00,Bellevue,NE,Rectangle,15 minutes,Two rectangular objects emitting red lazers,7/25/2004
1/1/03 2:00,Bellevue,NE,Disk,3 OR 4 MINUTES,NEW YEARS DAY SURPRISE,3/2/2004
12/21/01 23:30,Bellevue,NE,Sphere,3 minutes,A orange coilored sphere hovered over western horizon by Air Force base.,1/11/2002
5/15/01 22:00,Bellevue,NE,Unknown,50 seconds,"Bright lights ""jumping"" across the night sky.",8/5/2001
5/13/99 19:00,Bellevue,NE,Circle,1 hour,"A Sphere or Cirle As bright as a star hover atleast 40-60,000 Ft.",5/24/1999
7/1/95 4:30,Bellevue,NE,Unknown,1 minute,Silent craft flying extremely low dropping flaming embers,4/1/2000
8/20/00 8:00,Bellevue (Capehart),NE,Teardrop,10 seconds,Black Tear Drop Shape over Offut Air Force Base.,9/17/2000
7/31/17 16:04,Bennington,NE,Light,3:20,Odd star-like light seen in NW suburban Omaha during daylight hours,8/4/2017
7/4/10 22:30,Bennington,NE,Fireball,5 min,There was this flashing red ball that kind of looked like it was on fire traveling through the sky.,7/10/2010
11/16/13 21:43,Bladen,NE,Unknown,~30 seconds,Looked like a spotlight was turned on in a round object like an ornament.,11/20/2013
10/15/97 20:00,Bladen,NE,Sphere,2 minutes,ufos on the moon????,2/24/2001
12/1/01 22:22,Bloomfield,NE,Fireball,1 minute,Looked like about ten pieces space junk reentering from the south heading east.,12/5/2001
9/4/13 5:55,Bradshaw,NE,Diamond,10 seconds,"Low flying, very large diamond shaped flashing yellow light moving extremely fast to the east.",9/9/2013
11/21/08 19:30,Brady,NE,Light,15 minutes,high speed red/blue lights extremely fast and maneuverable with the ability to disappear,1/10/2009
11/16/12 5:28,Brainard (6 mi. E of; on Hwy. 92),NE,Unknown,3-5 minutes,"Orange cresent object with trail moving northwest to southwest..no sound, no decent 2-3 min across sky",11/19/2012
10/6/07 14:00,Brownlee (southwest of),NE,Oval,few minutes,"I sighted a UFO on Oct. 6, 2007 and reported it on this site. Approximately a month later, I believe it was Nov. 7, 2007, I saw someth",8/27/2009
7/11/04 22:08,Brule,NE,Light,3 minutes,"I saw a light, as bright as the brightest star moving northeast, at aproximately 22:00 MT. It was moving slow, and then would speed up",7/25/2004
10/18/11 3:30,Burwell,NE,Sphere,15 minutes,Something is out there.,10/25/2011
4/5/01 21:00,Butte,NE,Flash,,2 big dots surrounded by 10 or 20 small flashing dots in no pattern.,4/28/2001
11/14/16 19:25,Central City,NE,Light,5 seconds,Four bright orange lights observed in a linear pattern.,12/5/2016
11/12/14 17:00,Central City,NE,Light,15 minutes,Light orbs seen in daylight with sun setting.,11/14/2014
2/24/02 21:00,Central City,NE,Other,10 minutes,Flying object with circle pattern of lights changing to a V pattern of lights,5/13/2012
5/29/10 22:00,Ceresco,NE,Fireball,5 min,A fireball behind a unknown shape craft over Ceresco Nebraska traveling at a high rate of speed.,6/3/2010
7/24/04 22:00,Chadron,NE,Light,one minute or less,July 24 22:00 light moved quickly from west to east and slowly dimmed then disappeared.,7/25/2004
4/20/03 22:30,"Chadron, NE/Oelrichs, SD (between)",NE,Light,seconds,saw a light driving home from friends house,11/26/2003
Date / Time,City,State,Shape,Duration,Summary,Posted
1/1/97 20:30,Clatonia,NE,,10 min.,"Woman & daughter rept. 4-5 objs. with red, blue, and white lights. Close to ground in fog. Moved very fast. (No written rept.)",11/2/1999
7/4/10 22:00,Clear Creek East Resort,NE,Sphere,1 hour,About every 5 min. or so a orange/red light moved from North to South all following same flight pattern and speed. Im sure others aroun,7/10/2010
7/4/10 22:15,Columbus,NE,Fireball,20 minutes,"I took my son to the store about 9:00 pm on the evening of July 4th, 2010. We left the store around 10:15 pm. My store receipt reads t",7/6/2010
10/24/07 17:25,Columbus,NE,Sphere,5-10 MIN,4 to 5 shinny object with no sound flew over the house heading due west.,11/28/2007
1/20/00 22:00,Columbus,NE,Triangle,5-8min,Triangular craft seen by three females.,3/19/2002
6/6/81 23:59,Columbus,NE,Other,unknown,"The year & month is estimated above, but the exact date will coincide with sightings of lights all over the midwest.Radio reports the n",1/29/2002
9/5/66 21:00,Columbus,NE,Circle,30 minutes,"Circular craft, nighttime sighting, close range, red, green, yellow lights, probable abduction, missing time",4/27/2004
2/16/02 18:35,Comstock,NE,Fireball,45 minutes,"my wife and i were heading west on the sargent rd. about 6:25 pm when i told her that i thought i saw venus, because it was to be comin",3/19/2002
9/18/98 1:45,Cozad,NE,Changing,30 seconds,I witnessed a distortion of the star field from the right to the left. North to south.,9/26/1998
7/5/97 0:00,Crete,NE,Light,5-10 minutes,"A bright light seen in the sky, when observed through binoculars seen as a bright light surrounded by three to five others",9/26/1998
10/15/83 19:00,Crete/Wilber (between),NE,Triangle,aprox 15 min,"i have an old fishing cabin, along with six others between crete & wilber nebraska. these cabins sit about 1 mile off the main gravel r",2/24/2001
7/23/03 0:05,Dakota City,NE,Unknown,5 minutes,I am a student at the University of Nebraska at Omaha. I am now home for the summer and when I got home from work one night I saw three,7/23/2003
5/5/07 1:00,Denton,NE,Other,5-7 minutes,"Object seen outside of Lincoln ,NE",6/12/2007
11/12/01 5:00,Denton,NE,Light,4-5 minutes,Man of Reason fails to explain blinking starlike object with energy bursts,11/20/2001
5/11/04 2:00,Deweese,NE,Oval,1.5 hours,Five crafts fought in a arial battal.,6/4/2004
1/28/04 2:34,Deweese (south of),NE,Other,30 seconds,My brother and I were raccoon hunting. We hunt out in the country where there are no houses and the roads are dirt. We came over this h,8/11/2004
7/20/04 20:00,Doniphan,NE,Disk,IN PHOTO,I was taking pictures of a crop duster and object appeared when photos viewed. ((NUFORC Note: Bird?? PD)),7/25/2004
8/22/16 6:00,Elkhorn,NE,Oval,7 minutes,Sphere not moving than vanished in seconds.,8/25/2016
2/11/12 23:10,Elkhorn,NE,Other,1-2 seconds,Bright blue light in the night sky traveling at terrific speed,3/13/2012
11/18/06 23:30,Elkhorn,NE,Triangle,5 sec.,V shaped object wih dim lit circles,12/7/2006
4/21/04 22:30,Emmet,NE,Other,,"I saw two disc shaped objects over my house in Emmet, Nebraska.",4/27/2004
8/28/14 20:30,Enders,NE,Unknown,20 seconds,Bright blue light moving across land to northeast.,9/5/2014
8/19/07 10:15,Eustis,NE,Light,still going,dancing lights in the sky,10/8/2007
4/23/13 0:00,Exeter,NE,Light,2 hours,Tiny white ufos flying among the stars,5/15/2013
5/23/12 11:00,Exeter,NE,Light,3 minutes,Tiny white light darts in the Great Plains evening sky!,6/5/2012
12/21/10 2:00,Exeter,NE,Sphere,3 hours,"In a rural area, a rotating sphere with red, green, and other colored lights was sighted about 700 feet above the ground in the SW sky.",1/5/2011
4/16/06 20:05,Exeter,NE,Fireball,5 seconds that I saw,"A reddish pink glow in sky, seemed to be moving towards us and then dissappeared.",5/15/2006
8/22/04 10:55,Falls City,NE,Triangle,30-45 sec,Huge!,8/24/2004
6/26/09 22:30,Filley,NE,Unknown,< 30 seconds,This object lit up like a miniature sun several miles across and then shot off into space.,8/5/2009
7/4/10 22:00,Fort Calhoun,NE,Circle,20 to 30 min.,"On July 4th Looked like 1 round fireball, but was 3,, 55 Pictures",7/19/2010
9/26/09 22:00,Fort Calhoun,NE,Unknown,ongoing,"multi colored stationary objects viewed from Fort Calhoun NE on Sept. 26, 2009 at approximately 2200 - 2230",12/12/2009
5/23/03 1:00,Franklin,NE,Changing,country,Sight seeing places in NE if you believe you will see.,2/8/2005
11/23/15 18:44,Fremont,NE,Triangle,5 minutes,Flying triangle made no sound.,11/26/2015
2/12/03 20:00,"Friend (Hwy 15, approx. 4 miles SE of)",NE,Light,1-2 min,We were not sure if it was 1 large craft with 3 individually moving lights in a triangle formation or 3 individual crafts. But we were,12/12/2009
5/17/16 0:13,Galloway,NE,Circle,10 seconds,"Round, large, green objects.",5/20/2016
9/10/00 18:30,Geneva,NE,Light,15sec.,one bright object which turned into eleven,12/2/2000
8/5/13 22:00,Gering,NE,Other,seconds,"I was sitting on my friends porch when I noticed a few small bright flashes of light, about the size of stars, out of the corner of my",8/30/2013
1/5/72 19:30,Gering,NE,Light,2-3 minutes,"Fast moving light, darting then hovering in sky; emitted beam of light.",4/16/2005
5/15/66,Gering,NE,Unknown,,FLYING MOON OVER GERING NEBRASKA,12/3/2004
6/1/66 13:00,Glenvil,NE,,15 minutes,"We didn't see anything , but what we heard has never made sense to me.",7/25/2004
6/15/65 10:00,Glenvil,NE,Unknown,2 minutes,It was not a visual occurance but one of sound and motion.,12/3/2004
11/15/93 19:00,Gordon,NE,Triangle,1 Hour?,"A very large triangle shape(black,soundless) with red lights at the corners wile traveling at night.",7/16/2006
7/4/13 22:30,Gothenburg,NE,Light,30 minutess,I am sure I was not the only person to notice these objects out of the thousand or so people watching the fireworks display. I live,7/5/2013
7/15/96 23:30,Gothenburg,NE,Circle,30 seconds,red flashing light crossing clear night sky west to east horizon to horizon at a speed 5 to 10 times faster than any jet i ever saw.,9/2/2005
3/23/15 23:30,Grand Island,NE,Changing,~3 minutes,Large black rectangular object above grand island with a red light on each side.,5/22/2015
8/16/08 22:00,Grand Island,NE,Oval,5 minutes max,"My husband and I saw two silent, low flying, bright circular lights with orange tint, about 10 p.m.",10/31/2008
8/13/07 19:30,Grand Island,NE,Disk,15 sec,((HOAX?? Student report)) a yellow disk hovering for a few seconds then took off.,8/14/2007
10/22/05 19:00,Grand Island,NE,Rectangle,3sec,Blue rectangle stationary to gone in 3 sec. near total darkness in evening.,11/3/2005
10/19/04 20:00,Grand Island,NE,Light,over 1 hr.,,11/2/2004
12/1/01 22:15,Grand Island,NE,Fireball,5 minutes,Fireballs in Sky,12/5/2001
5/1/85 19:00,Grand Island,NE,Sphere,20 - 30 seconds,I was a hovering sphere over the corn field near my house.,6/12/2008
6/1/58 22:30,Grand Island,NE,Circle,2-3 min.,Hovering craft 60-75' over roadway,2/22/2002
7/20/17 13:18,Gretna,NE,Light,7 seconds,"At approximataly 1:18 pm, I was taking a short break from work, I layed next to a corn field for shade. Looking up at the clouds I noti",7/23/2017
10/31/16 19:30,Gretna,NE,Light,7 minutes,4 lights over Gretna NE,11/4/2016
6/27/13 21:54,Gretna,NE,Light,3 minutes,Orange objects appear over Gretna Nebraska,7/3/2013
8/30/12 23:44,Hampton,NE,Light,Still Going,Multicolored flashing light - object,9/24/2012
6/16/08 8:45,Hastings,NE,Unknown,14-17 seconds,((HOAX)) 3 UFO's appeared in the space of 15 seconds. 500 Lights On Object0: Yes,10/31/2008
4/27/04 3:00,Hastings,NE,Unknown,Party,We were at a Party (No Drugs were there) we went outside say lights turned around and they were gone.,4/30/2004
6/30/02 7:00,Hastings,NE,Other,SECOND,"I was driving in my work truck, north bound on the by pass road (Hastings, NE) by the over pass next to the waste water treatment facil",6/12/2007
4/3/14 2:03,Hastings (south of),NE,Fireball,3 minutes,"Two objects seen falling in fireball form west to east, turned white hovered and darted to the north.",7/4/2014
12/8/04 23:33,Henderson,NE,Formation,6 sec.,3 gold colored connected lights very large moving East to West,12/14/2004
6/30/13 22:35,Hershey,NE,Rectangle,2 minutes,Fire ball/box.,7/3/2013
11/2/07 22:25,Hershey,NE,Light,20 seconds,"Bright Light in northern Sky, not any Planet I know of and Not the Space Station",11/28/2007
12/3/04 20:30,Hershey,NE,Rectangle,5 Minutes,Spinning and sliding sideways group of light that were Rectanglure in shape,12/14/2004
7/26/04 23:40,Hershey (or Sutherland),NE,Other,30 Minutes,"Needle nosed object widening out into a triangular shape, The rear of the triangle had a shaft extending out into a oval into a",8/11/2004
3/26/04 3:30,Hickman,NE,Unknown,40 seconds,"Hickman Ne. 3:30am Thursday, two or three weeks ago (I know I should have remembered the exact date) I was pulling into my driveway i",4/27/2004
1/23/98 18:05,Holstein/Heartwell (In country between),NE,Triangle,6 to 7 minutes,"Father and son driving west on Hiway 6, around 6 pm. Glowing object stationary for 6 to 7 minutes. Object turns on end, then turns to s",3/7/1998
8/1/14 14:00,Hooper,NE,Cigar,10 minutes,Very large; shaped like airplane; no noise. Moving maybe 20 mph. No wings or tail.,12/12/2014
3/2/01 21:37,Hooper (near),NE,Triangle,3 minutes,"Triangle and companion craft spotted over Hooper, Nebraska.",3/16/2001
1/1/11 20:00,Humphrey,NE,Other,1 hour so far,Multi-colored flashing lights on an object that hovered for over an hour in the N.E. Nebraska area. ((NUFORC Note: Sirius? PD)),1/5/2011
10/10/99 21:30,Humphrey,NE,Sphere,5 min,Object moving erratically in sky stopped by spot light,2/14/2006
4/16/03 15:30,In-flight sighting (over NE??),NE,Sphere,several minutes,Mysterious sphere darts into clouds,5/24/2005
2/12/03 21:30,"Interstate 80. Between York, Nebraska and Aurora, Nebraska",NE,Light,2-3 min,Strange object in the sky over Nebraska,12/12/2009
3/26/06 15:00,Interstate 80/I-76; into Colorado begins (,NE,Other,3-4 min,"While traveling west heading for Colorado, my husband spotted what looked like a round object in the northern sky. He pointed it out, a",12/12/2009
10/6/07 5:45,Johnstown,NE,Rectangle,2-3 minutes,"My Report to the UFO Website October 6, 2007 5:45 a.m. Central Approximately Three Miles West of Johnstown, Nebraska On October 6, 20",11/28/2007
9/13/17 23:30,Kearney,NE,Chevron,10 seconds,"Husband and wife witness a ""phalanx"" of lights pass overhead.",9/14/2017
12/22/12 17:00,Kearney,NE,Oval,10 seconds,RED BALL OF LIGHT HOVERING IN SKY.,2/4/2013
11/19/12 4:00,Kearney,NE,Circle,20 minutes,"Two orbs, blue, and multi-colored.",12/20/2012
7/7/10 23:15,Kearney,NE,Light,3 minutes,"Strange light in Kearney, Nebraska",7/10/2010
7/4/10 22:30,Kearney,NE,Oval,35 min,Multiple UFO sightings in Kearney Nebraska,7/10/2010
2/5/09 1:00,Kearney,NE,Circle,10 minutes,"Large, round, red light sighted in Kearney, Nebraska silently flying very low and slow to the ground.",3/19/2009
2/19/03 19:00,Kearney,NE,Triangle,30-40 sec.,"Triangle Crafts over Kearney, Nebraska",12/12/2009
3/20/98 21:46,Kearney,NE,Triangle,aprox 20 sec,"Going west to east. No sound. No lights. Illuninated by city glare. Alt. unknown. Straight overhead. Width, 2.5 fingers at arms lengt",1/28/1999
2/26/13 18:30,Kearney/Lexington,NE,Unknown,25 minutes,Strange chemtrail formation over southwestern Nebraska.,2/28/2013
7/15/11 17:00,Kenesaw,NE,Disk,,didn't see when taking pictures-only when downloaded,8/7/2011
5/23/95 20:00,Kent,NE,Formation,1 or 2 Minutes,Triangle Shaped UFO that was Huge! 500 Lights On Object0: Yes,4/27/2007
7/19/15 22:30,La Junta,NE,Cylinder,5-10 seconds,Watching lightning storm southeast of La Junta a green-blue object appeared and shot north across the sky at a very fast speed then dis,7/23/2015
9/29/17 12:00,La Vista,NE,Cigar,2 seconds,off-white or light silver cigar shaped object drifting slowly across the sky. ((anonymous report)),10/5/2017
6/16/17 20:35,La Vista,NE,Rectangle,15 seconds,"During a severe storm that night, I had been watching the clouds and saw a black square/rectangle flying over an apartment complex near",6/22/2017
8/1/16 21:20,La Vista,NE,Circle,20 seconds,It was late at night the object was a distance away but we're able to see a red light and possibly a green light as well going down.,8/4/2016
9/12/11 4:38,La Vista,NE,Light,2-4 minutes,"Observed: Bright white light, about 2-3 times brighter/bigger than the brightest star at night. stationary, then moved, then vanished",10/10/2011
9/30/07 0:25,La Vista,NE,Triangle,2 min,Triangular Ufo in Bellevue?,10/8/2007
10/6/2003,La Vista,NE,Other,1.5 hrs,"The motionless objects sparkled like jewels,then came together and back to formstion in a split second.",10/7/2003
3/15/05 1:00,Las Vegas (?),NE,Other,unknown,"four orbed object in the middle of nowhere, possibly nevada[?]",5/15/2006
11/30/97 2:00,LeMars (IA)/Denver (CO) (uncertain; traveling from),NE,Light,approx. 5 minutes,"Multi-colored ""pole,"" appearing to hang in the sky for several minutes before dissipating slowly, from top to bottom, into darkness.",12/2/2000
8/14/15 22:34,Lemoyne,NE,Circle,<10-20 seconds,My brother and I were watching the skies for shooting stars as we normally do when we camp out on the beach at Lake Mcconaughy.,8/27/2015
6/27/15 20:17,Lexington,NE,Disk,5-10 minutes,"Bright orange lit saucer going over Lexington, NE, north to south.",7/3/2015
7/27/17 22:20,Lincoln,NE,Light,,"We were staring at the stars when a bright light flashed for approximately 2 seconds before disappearing, It seemed to have a spin to t",8/4/2017
5/24/17 22:30,Lincoln,NE,Circle,5 minutes,"I saw what I initially thought was a satellite, but then it disappeared and reappeared multiple times.. It appeared for approximately 5",6/2/2017
5/13/17 2:30,Lincoln,NE,Light,10 minutes+,"2 Lights, one wobbling, one stationary. 150 degrees SE for ten minutes. Gone after 30. ((anonymous report))",5/15/2017
11/20/16 11:10,Lincoln,NE,Oval,2 minutes,Silver aircraft hovered over city then vanished.,12/5/2016
7/25/16 1:00,Lincoln,NE,Light,25 minutes,2 lights seen on horizon in Lincoln Nebraska.,8/2/2016
3/18/16 23:45,Lincoln,NE,Triangle,6 seconds,"Large triangle shape, defined by a series of dim lights moving silently and fast. South to north over Lincoln, Nebraska.",3/24/2016
3/11/16 22:25,Lincoln,NE,Light,5 seconds,Bright light shooting straight down toward the airport. ((NUFORC Note: Possible meteor?? PD)),3/18/2016
12/3/15 18:00,Lincoln,NE,Diamond,~8 minutes,"V-shaped lights, which turned red when I stopped to watch it, then flared brilliant white and moved toward me.",12/4/2015
9/28/15 0:36,Lincoln,NE,Triangle,~2 hours,I can't believe this craft went undetected for so long!,10/9/2015
7/30/15 21:50,Lincoln,NE,Light,15 minutes,"Red, green, and yellow flashing lights moving in ninety degree angles.",7/31/2015
7/4/15 20:45,Lincoln,NE,Light,2 minutes,Three red glowing lights viewed by three individuals.,8/6/2015
3/28/15 21:05,Lincoln,NE,Light,1 minute,Low orbit orb in western sky.,4/3/2015
11/17/14 19:30,Lincoln,NE,Circle,2 seconds,"Red/green light shooting in Lincoln, NE, night sky 11/17/14. ((NUFORC Note: Possible Leonid meteor?? PD))",11/21/2014
11/16/14 21:45,Lincoln,NE,Flash,1 minute,While driving i seen what looked like something falling from the sky and before i could find my phone to try and get it on camera if fl,11/21/2014
11/8/14 3:30,Lincoln,NE,Light,10 minutes,((NUFORC Note: No information provided by source of report. PD)),11/14/2014
8/24/14 12:45,Lincoln,NE,Light,45 seconds,"Sky lighting up, ball of light shot towards ground.",8/29/2014
7/12/14 23:00,Lincoln,NE,Light,120 minutes,Bright flashing followed by red glowing pairs.,7/20/2014
5/28/14 22:21,Lincoln,NE,Light,50 seconds,"Three lights in south Lincoln sky,two of which sped off in opposite directions right before my eyes.",6/4/2014
11/27/13 21:14,Lincoln,NE,Unknown,15 seconds,Boomerang object over 100 feet long and silently glided past my house; no lights; no sounds.,12/2/2013
10/6/13 17:00,Lincoln,NE,Triangle,3 hours,First seen in broad daylight.,10/14/2013
9/6/13 2:00,Lincoln,NE,Unknown,45 minutes,"Round bright white light, moving slowly and effortlessly to the west, hovered in one area for 45min left in opposite direction.",9/9/2013
9/5/13 2:00,Lincoln,NE,Sphere,1 hour,Hovered in the sky with flashing lights.,9/9/2013
7/4/13 22:32,Lincoln,NE,Other,4 minutes,I looked directly overhead and saw large asterix * shaped yellow large light move horizontally,7/5/2013
7/4/13 21:30,Lincoln,NE,Circle,30 minutes,Small orange glowing circular objects floating during the fireworks show.,7/14/2013
6/19/13 22:45,Lincoln,NE,Circle,5 minutes,"Bright light over SE Lincoln, 19Jun13 dimmed and flew away.",7/3/2013
6/17/13 22:00,Lincoln,NE,Light,2.5 hours,West to east in the midwest,7/3/2013
7/4/11 21:53,Lincoln,NE,Light,2 minutes,"I saw a bright orange light rise up from near ground-level, hover a minute, and then ascend up into the sky.",7/6/2011
7/4/11 21:53,Lincoln,NE,Light,2 minutes,Sorry - false alarm; the bright orange light I saw was just a flare.,7/6/2011
7/4/10 22:30,Lincoln,NE,Unknown,3-5 minutes,"5 orange lights in sky create triangle formation, than morph and ""fade out"". Entire neighborhood witnessed.",7/6/2010
6/28/10 23:20,Lincoln,NE,Light,About 8 min.,"I saw an orange light almost directly above my house, in east Lincoln. It was a little bigger than a star.",7/6/2010
4/30/10 21:00,Lincoln,NE,Other,15-20 seconds,I witnessed a some sort of octagon or circular shape shoot a beam of light in my backyard,5/12/2010
1/22/10 17:00,Lincoln,NE,Disk,about 15 minutes,"((NUFORC Note: Student report. PD)) I am a firm believer in aliens, being 16 years old, I know people usually don't take me seriously.",2/14/2010
9/19/09 20:00,Lincoln,NE,Fireball,5 minutes,Orange fireball looking object moving very slowely in the sky.,12/12/2009
9/11/09 21:15,Lincoln,NE,Circle,15 minutes,I left my apartment around 9:15 PM. It was dark out. I walked toward my car in the parking lot of the apartment complex. To the east,3/27/2014
9/8/09 22:15,Lincoln,NE,Light,40-45 minutes,Bright star flashing different colors in western sky. ((NUFORC Note: Probably a twinkling star. PD)),12/12/2009
7/26/09 2:00,Lincoln,NE,Light,1 hour,my neighbors and i saw the bright red light coming out of the north then turning to the east then coming back around to the north takin,8/5/2009
7/7/09 10:10,Lincoln,NE,Light,5-10 minutes,"Looked like a star moving very rapidly across the sky, too fast for a satellite.",8/5/2009
7/2/09 21:15,Lincoln,NE,Cylinder,5 min,Cylindrical object with bright orange light.,8/5/2009
2/6/09 21:00,Lincoln,NE,Light,30 minutes,A light stretching out and then retracting disappears suddenly.,3/19/2009
11/26/08 22:45,Lincoln,NE,Circle,15 minutes,Red/orange glowing ball low on the horizen then climbed untill out of sight,1/10/2009
10/7/08 21:45,Lincoln,NE,Sphere,2 Minutes,"Two glowing orange balls of light traveling in a southern direction dropping ""flares"" and continuing south.",10/31/2008
8/29/08 20:30,Lincoln,NE,Light,3 minutes,Bright red light surrounded by light red translucent red halo,10/31/2008
8/24/08 17:32,Lincoln,NE,Cigar,23 Minutes,"The UFO had blue and yellow alternating lights, cigar shaped, and suddenly changed directions.",1/10/2009
7/4/08 22:30,Lincoln,NE,Teardrop,1 minute appx,"Flaming tear-shaped object flying over southwest Lincoln, Nebraska on July 4th.",8/12/2008
11/13/07 23:45,Lincoln,NE,Changing,less than 2 mins,"Bright white light that change formation, had a limited duration.",11/28/2007
9/12/07 3:20,Lincoln,NE,Circle,10 Seconds,I noticed a white circle moving slowly at a constant speed in the sky. It's possible that it could have been an oval. It was fairly s,10/8/2007
10/15/06 23:00,Lincoln,NE,Triangle,5 minutes,triangle craft,3/19/2009
8/29/06 20:35,Lincoln,NE,Light,1 minute,"I tracked a brilliant orange pulsating light moving slowly and silently for a minute, then saw it disappear.",10/30/2006
7/21/06 23:00,Lincoln,NE,Oval,4-6 seconds,"Bright, bluish-white glowing oval shoots rapidly and silently across the night sky",10/30/2006
5/13/06 22:15,Lincoln,NE,Light,Approx 1-2 min,Bright light that changed in intensity and emitted flare-like objects as it traveled towards me.,5/15/2006
3/31/06 21:10,Lincoln,NE,Light,2 1/2 minutes,"Two yellow lights trailing dropping sparks seen heading slowly south over Lincoln, NE",5/15/2006
3/31/06 20:50,Lincoln,NE,Light,10-15 min,"It was at night so all that was visible were two yellow to orange lights that were side by side, the distance between them is unknown.",5/15/2006
3/22/06 21:54,Lincoln,NE,Light,5,TWO LIGHTS CRUSING SOUTH ABOUT AIRCRAFT SPEED. FIRST LIGHT DROPPED FLARE. FADED AWAY. SECOND LIGHT CUISED SOUTH. DROPPED FL,5/15/2006
5/21/05 0:30,Lincoln,NE,Changing,20 minutes,"Lights over Lincoln, NE 5-21-06",10/30/2006
2/26/05 17:55,Lincoln,NE,Changing,3 minutes,black object moving slowly in broad daylight suddenly disappears,4/16/2005
1/13/05 5:50,Lincoln,NE,Formation,approx. 10 min.,"moving constillation, plus",1/19/2005
12/1/04 23:00,Lincoln,NE,Fireball,2-3 seconds,"Massive fireball over Lincoln, Nebraska.",2/22/2005
10/30/04 21:01,Lincoln,NE,Other,16 mins,Two red lights. It was like they were on each end of a bar and just moving slowly from the east sky to the south sky and faded as they,12/3/2004
9/9/04 21:05,Lincoln,NE,Unknown,5-10 minutes,"Multiple, flashing white lights along south edge of Lincoln, NE.",9/29/2004
8/18/04 22:00,Lincoln,NE,Other,5 mins,triangle shape ship launches a red sphere ship that launches a white light,8/24/2004
7/22/04 22:29,Lincoln,NE,Other,3 minutes,4th observation of a light above my skies in pattern,7/25/2004
6/24/04 22:37,Lincoln,NE,Circle,2minutes,"I watched two dim lit objects in the night sky and one object flew straifgt and the second object zig zaged and stopped in mid flight,t",7/8/2004
4/26/04 23:00,Lincoln,NE,Circle,15 seconds,"I watched as a bright object chased a jet airliner,caught up to the airliner,and flew right above the airliner for one to two seconds t",4/27/2004
12/18/03 23:00,Lincoln,NE,Oval,3 to 5 seconds,"Bright bluish white light moving north, then east, leaving bluish trail behind, rolling over and disappeared....",1/17/2004
11/28/02 22:30,Lincoln,NE,Light,1 Second,"Very bright flash and explosion over Lincoln, Ne., on Thanksgiving.",12/23/2002
11/27/02 18:45,Lincoln,NE,Fireball,5 Seconds,"Suspected large meteor, unreported in news media.",12/23/2002
11/17/02 10:00,Lincoln,NE,Other,few seconds,"I was sitting here at my computer Sunday morning, and heard the wierdest sound I have ever heard. I got my tape recorder out and recor",11/20/2002
3/26/02 20:47,Lincoln,NE,Changing,6 minutes,"I saw two space alien ships fighting with each other, and making weird sounds and seeing different lights and shapes.",6/12/2002
4/18/01 21:20,Lincoln,NE,Fireball,short,"As we were approaching Lincoln from the west we saw a really bright green fire ball or falling star or what ever,it went from the north",4/28/2001
6/30/00 21:30,Lincoln,NE,Formation,10 minutes approximately,"orange v formation over lincoln, NE",10/30/2006
7/19/99 2:05,Lincoln,NE,,3-4 seconds,"an unseen object passed overhead from in back and then to the front of me, it cpa'd my location to my right side and was approx 20 - 25",8/10/1999
3/24/99 11:57,Lincoln,NE,Disk,8 seconds,Silver/White disk shaped object seen,4/26/1999
10/12/98 4:00,Lincoln,NE,Egg,11 sec,"3 Lights not as egg shaped but close, thumb nail. Flying in tryangle formation flew over for 7 seconds not to close but not far away. f",11/1/1998
8/1/98 22:30,Lincoln,NE,Light,3 minutes,We saw streaks like tracers shoot out from a light in the sky.,2/16/1999
4/15/97 22:00,Lincoln,NE,Sphere,20 min,On a spring night in 1997 I was sitting in a car at a park with a friend talking. I would periodically look out my window for no reaso,5/24/1999
11/15/96 17:00,Lincoln,NE,Diamond,5 min,Orange narrow diamond shaped ufo seen rotating in tree top next to my apartment.,3/21/2003
6/1/92 18:00,Lincoln,NE,Cigar,10 min.,Former Airline Captain witnessed three craft flying a wedge formation as follows: Aprox. 100 ft. above ground level traveling from west,12/23/2002
8/12/90 4:00,Lincoln,NE,Circle,,"light coming towards me, circled in on me and was above me for miles...",1/17/2004
7/4/86 23:30,Lincoln,NE,Light,3 minutes,"UFOs amused by July 4th fireworks over Lincoln, NE?",5/11/2005
11/1/81 22:00,Lincoln,NE,Sphere,3-5 minutes,Large Object hovering at low altitude in sky in Lincoln Nebraska,10/30/2006
9/15/03 3:20,Lincoln (west of),NE,Unknown,3-5 Seconds,Blue disk appears to explode shooting blue light toward ground.,9/24/2003
11/1/15 15:45,Lincoln/Omaha (between),NE,Flash,20 seconds,Object resembling shooting star made 90 degree angle turn in broad daylight (3:45 pm).,11/6/2015
8/15/82 3:00,Llincoln (near),NE,Disk,2 minutes,"large, bright disk shaped light, hovered then flashed off at a speed we or anybody on earth would be capable of.",10/30/2006
11/1/12 9:40,Loretto,NE,Disk,8 seconds,"UFO Flat shaped disk or saucer with orange light seen by Loretto, Nebraska.",4/18/2014
9/8/17 10:00,Lyons,NE,Oval,4.5 hours,"SHINY WHITE OBJECT IN THE SKY, VERY VISIBLE TO NAKED EYE.",9/8/2017
6/11/94 1:30,Macy,NE,Fireball,1 MIN,"SMALL PIECES, TURNED COLORS, AND BROKE INTO THREE PARTS THEN SHOT ACROSS THE DARK NIGHT.",2/14/2010
8/15/06 16:00,Malcolm,NE,Sphere,15 minutes,"Daytime sighting of large, unmoving, silent sphere that blended with sky & clouds near Lincoln Nebraska in August, 2006",6/23/2010
4/2/09 21:17,McCook,NE,Unknown,ongoing,"Flashing red/green/blue light seen in eastern sky from McCook, Nebraska. ((NUFORC Note: We suspect a star in the eastern sky. PD))",4/14/2009
9/10/05 8:15,McCook,NE,Circle,NOW,"The light moved through the sky then stopped and is still sitting there. Its in the south west sky, more west than south. It still ther",10/11/2005
11/12/11 18:00,Milford,NE,Cylinder,10 Minutes,"Pale Blue Light in Night Sky Over Seward, Nebraska",12/12/2011
10/30/10 22:00,Milford,NE,Changing,5 min,cloked ship that the space around it bent as it moved,2/8/2011
7/4/10 22:00,Milford,NE,Fireball,30 minutes,A red fireball hovered over Milford Nebraska.,7/10/2010
7/15/07 23:30,Milford,NE,Circle,10 min,Bright blue flashing light moving extreamly fast west.,8/7/2007
7/1/12 21:00,Millard,NE,Light,6 minutes,"High altitude, high speed erratic moving light in the sky.",7/4/2012
9/13/00 22:00,Minden,NE,Oval,6 min,weird,8/5/2001
8/9/17 22:00,Mitchell,NE,Flash,,"Sitting on the front porch looking at the moon, I look to the left of it and a flash of bright light happen and disappeared at very fas",8/11/2017
11/9/02 11:00,Mullen,NE,Light,3 + hrs,We have been witnessing some very brilliant lights moving at incredible speeds and doing some very strange movements.,11/16/2002
8/27/10 14:34,Murry,NE,Diamond,8 seconds,diamond shaped craft dancing over murry nebraska,8/30/2010
6/1/43 15:00,Nebraska,NE,Disk,10-20 min,"My 94 yr. old grandmother, ((deleted)) described to me an encounter that occured in nebraska in about 1943. She was driv",12/2/2000
10/11/03 13:00,"Nebraska (above?, or above South Dakota)",NE,Cigar,seconds,rather large cigar shaped object photographed from airplane window,10/15/2003
1/3/07 22:30,Nebraska (rural),NE,Light,3 sec.,"Very bright , neon green light appeared in sky for seconds, then vanished. Happened during blackout.",2/1/2007
1/1/53,Nebraska (rural),NE,,10 min,This is an account told to me by my mother that happened in the early 50's. I was 4-5 years old and don't remember. She said we were tr,4/16/2005
2/11/08 23:00,Nebraska City,NE,Circle,10 Minutes,"Large UFO circular in shape with a crescent-like glow spotted for 10 mins, 1 mile west of Nebraska City.",2/14/2008
10/1/02 2:00,Nebraska City,NE,Teardrop,Kearny Hill; lasting 3-4,"Tear shaped brillient gold light over neighborhood in Nebraska City, NE",12/12/2009
9/12/01 21:30,Nebraska City,NE,Light,Til present day,"Small,star like object seen in sky moving about erratically.",11/20/2001
9/4/14 23:20,Neligh,NE,Circle,2-3 minutes,I was running south of town at the park and was running west. I then saw a circular object with lights all around the sides of it.,9/5/2014
9/4/14 23:20,Neligh,NE,Circle,2-3 minutes,Circular object with light on all sides and would disappear at times.,9/5/2014
6/1/59 22:00,Nelson,NE,Cigar,5 to 10 min,this was told to me from the man who seen the object. it was after a softball game in the summer of 1959. he was in the country going h,2/24/2001
3/14/15 22:15,Norfolk,NE,Rectangle,45 seconds,Dark rectangle with tan squares no lights heading south to north no noise low enough I could see tan on the bottom.,3/20/2015
7/4/10 22:00,North Bend,NE,Unknown,Minutes,"""Burning"" flying object passes at least 3 times east of North Bend, Nebraska, USA",7/6/2010
7/4/13 22:00,North Platte,NE,Circle,>1 hour,20+ reddish gold orbs floating from the south of community to the north.,7/5/2013
7/4/13 21:15,North Platte,NE,Circle,2 hours,"25 to 30 Large Bright Orange Round moving objects with no sound, going north.",7/5/2013
7/3/13 22:15,North Platte,NE,Circle,5 minutes,A large bright orange glowing ball floating silently above the trees.,7/5/2013
11/7/12 22:10,North Platte,NE,Fireball,30 seconds,Fastest thing ever went from 10000 feet to 50000 feet .in 15 sec.,11/19/2012
9/18/12 22:00,North Platte,NE,Triangle,3 seconds,Large V-shape formation of lights,9/24/2012
9/2/12 3:25,North Platte,NE,Triangle,5 minutes,Pumping fuel at loves travel center looked over to see people looking up in the sky walked over to see what was going on looked up in s,10/30/2012
10/10/11 21:55,North Platte,NE,Circle,3 seconds,Object over North Platte Nebraska,12/12/2011
3/11/11 21:26,North Platte,NE,Disk,20-25 seconds,"Large saucer objects relative to the size of the moon, moving slowly and disappearing.",3/23/2011
7/4/10 22:40,North Platte,NE,Rectangle,30 seconds,One object bright orange traveling at a high rate of speed and very large.,7/6/2010
8/28/09 22:00,North Platte,NE,Triangle,6 minutes,"I walked out of the house at 10 PM and something caught my eye, so I looked up and saw a Rectangle Object with a White Light on each c",12/12/2009
6/29/07 23:30,North Platte,NE,Triangle,5min,"Went to my truck and looked up and saw 3 very very hight lights moveing in a tri shap. shift and move north slowly , as watching the 3",8/7/2007
10/17/03 23:14,North Platte,NE,Circle,3 min,BRIGHT LIGHT CHASED BY AIRCRAFT.,10/31/2003
8/16/85 18:00,North Platte,NE,Rectangle,35-40 minutes,Massive UFO at Union Pacific Bailey Yard.,12/5/2016
11/15/84 18:00,North Platte,NE,Other,5 minutes,UFO follows train tracks,11/28/2007
7/17/80 22:10,North Platte,NE,Formation,6 to 8 seconds,Massive Pitch Black boulder shaped and jagged edges totally silent zoomed over my window of view at thirty to forthy thousand ft.,10/8/2007
8/25/79 22:00,North Platte,NE,Other,12 seconds,Star gazing with a friend during meteror event we watch the stars. The background of the sky was midnight blue. Nearly 10:30 pm the b,9/2/2005
5/17/12 22:30,O'neil,NE,Light,30 seconds to 1 minute,About 10:30 pm I noticed a string of yellow/orange lights in the sky on northern Nebraska.,5/29/2012
10/15/04 1:40,Oakland,NE,Cone,12 min,A coworker and I saw a cone shaped object hoover for awhile and with a glow to it then alittle explosion happened and it was gone.,10/27/2004
8/14/16 21:30,Ogallala,NE,Triangle,>15 minutes,Spotted Triangle of lights above No Name Bay at Lake McConaughey in Ogallala NE,8/16/2016
8/30/14 10:00,Ogallala,NE,Sphere,5 minutes,3 Sphereical Craft With Bright Red/Orange Corona In Formation Observed Over Ogallala Nebraska,9/10/2014
7/24/14 23:00,Ogallala,NE,Formation,5:00,Facing east on sandy beach. Three bright lights flying in triangle formation drifted across the sky above the damn flying S to N.,8/1/2014
9/1/13 23:00,Ogallala,NE,Light,10 minutes,"My husband,friend and I were at the sandy beach camping site and we saw a bright flying object. It was flying low and very bright. Afte",9/9/2013
9/3/11 22:00,Ogallala,NE,Sphere,5 minutes,orage spheres in sky over lake macconaghy,10/10/2011
7/4/11 22:31,Ogallala,NE,Sphere,2-5 minutes,Yellow spheres over Ogallala,7/6/2011
6/9/03 3:00,Ogallala,NE,Formation,10min,Three objects traveling in formation at approx.3:30am,6/18/2003
7/22/00 1:30,Ogallala,NE,Other,25 mins,Multi Colored Panels. Could not have been a plane. To Fast to Be a Satellite. No Sound At All!,8/19/2000
7/4/53 21:00,Ogallala,NE,Other,30-45 minutes,"Bright white light with no sound, hovering, very fast when leaving at Lake McConaughy",12/12/2009
6/22/17 21:06,Omaha,NE,Light,10 minutes,Red light moving rapidly across the sky in all directions at immense speed.,7/7/2017
6/22/17 21:00,Omaha,NE,Unknown,5 minutes,Red/green light craft seen flying irregulary over Omaha. Rapid acceleration and deacceleration.,7/7/2017
6/4/17 1:43,Omaha,NE,Unknown,30 minutes+,((HOAX??)) About 1:30am I joking told some friends we were gona go to a meditation spot I knew of to try to make contact with aliens..,6/9/2017
4/18/17 0:00,Omaha,NE,Circle,,"I witnessed an flying circle floating low, then started going high into the air as it kept moving. ((anonymous report))",4/20/2017
2/24/17 23:00,Omaha,NE,Rectangle,2 minutes?,"I saw 3 rectangle-shaped objects flying in the sky, while I was outside, approximately 11:00 PM. ((anonymous report))",3/10/2017
1/17/17 19:48,Omaha,NE,Fireball,3 minutes ?,"1/17/2017 Omaha, NE, ball of light erratically moving! ((NUFORC Note: Possible sighting of Venus?? PD))",1/19/2017
8/1/16 21:27,Omaha,NE,Circle,3 minutes,Black ufo spotted on a late night drive.,8/2/2016
12/24/15 1:49,Omaha,NE,Light,brief,Entire city lit up with light and a huge boom! The entire city is talking about it and several news stations are covering it.,1/5/2016
10/4/15 20:20,Omaha,NE,Other,4:00,Sighting of V-shaped UFO less then 100' from my deck.,10/16/2015
9/29/15 19:15,Omaha,NE,Formation,2-3 minutes,"Strange ""V-shaped"" glowing orbs.",10/2/2015
9/9/15 1:00,Omaha,NE,Disk,~5 minutes,Omaha UFO seen floating above building,9/11/2015
6/29/15 22:00,Omaha,NE,Other,5 minutes,((HOAX??)) Omaha aliens?,7/3/2015
2/12/15 23:00,Omaha,NE,Triangle,5 minutes,Omaha UFO.,2/20/2015
10/25/14 23:30,Omaha,NE,Fireball,2-3 seconds,"Green streak of light came down to earth, thought to be a meteorite, then slowed down blinking red light before disappearing near groun",11/6/2014
10/3/14 21:00,Omaha,NE,Formation,15 seconds,Saw vehicles decelerate from FTL flight then split into formation,10/10/2014
9/21/14 0:30,Omaha,NE,Unknown,10 minutes,Red light in southwest.,9/25/2014
9/16/14 23:15,Omaha,NE,Triangle,30 minutes,"Flashing green, red, white lights moving unpredictably.",9/18/2014
9/16/14 7:40,Omaha,NE,Triangle,45 seconds,"Originally I was a little skeptical about Aliens and UFO's, but I definitely seen something unusual over downtown Omaha around 7:40 A.M",9/18/2014
8/17/14 18:00,Omaha,NE,Light,10 minutes,Light Sighting.,8/29/2014
8/3/14 22:00,Omaha,NE,Unknown,2 minutes,Glowing lights sometimes all at once hovering close to humans on ground was very quiet maybe less than 100 miles from ground.,8/8/2014
6/16/14 0:15,Omaha,NE,Light,3 minutes,"High, very bright steady light moving in a very strange square pattern then disappearing.",6/20/2014
6/6/14 22:00,Omaha,NE,Light,25 seconds,Strong flashing light reversing its course in flight.,6/13/2014
12/29/13 18:20,Omaha,NE,Circle,5 minutes,Bright light traveling southeast over downtown Omaha. Thought maybe it was a Chinese lantern but it stopped and reversed course.,1/10/2014
11/15/13 6:15,Omaha,NE,Unknown,>30 seconds,Harmonic projection appeared as two units on street as glimmering objects that moved at a high rate of speed and disappeared as I ca,11/12/2015
10/2/13 13:55,Omaha,NE,Cylinder,Unknown,"Silver, cylindrical object seen over Omaha skies.",10/14/2013
6/26/13 4:00,Omaha,NE,Light,20 seconds,A object at what i guess 30 thousand feet take a sharp turn then disappeared,7/3/2013
12/26/12 14:00,Omaha,NE,Unknown,,White craft with pink mist around it.,2/4/2013
12/19/12 23:00,Omaha,NE,Sphere,10-15mins,2 ufo's following black car down I-80.,9/9/2013
12/10/12 5:30,Omaha,NE,Sphere,15 minutes,Spuratic orange ball.,12/20/2012
11/29/12 3:00,Omaha,NE,Unknown,1 hour,"Loud humming sound off and on, unlike any type of plane, car or helicopter.",12/20/2012
11/16/12 5:30,Omaha,NE,Other,5 seconds,"While running in the early morning, a friend and I witnessed an object flying at a low altitude emitting an orange glow behind it.",11/19/2012
11/11/12 14:20,Omaha,NE,Disk,30 seconds,Disappearing object.,11/19/2012
11/7/12 23:00,Omaha,NE,Fireball,30 seconds,Huge ball of light came up from the ground and shot into the atmosphere,11/19/2012
11/3/12 20:03,Omaha,NE,Other,4-5 minutes,"Two mysterious red lights floating across the sky, it lasted about 4 minutes and suddenly dissapeared.",11/4/2012
11/3/12 8:03,Omaha,NE,Light,4 minutes,Two mysterious red lights hoovering across the providence. lasted about 4 minutes.,11/4/2012
11/1/12 20:15,Omaha,NE,Rectangle,5 minutes,Large rectangle 168th blondo Omaha ne,11/4/2012
10/29/12 23:00,Omaha,NE,Other,1 minute,3 v-shaped objects.,5/15/2013
10/29/12 19:45,Omaha,NE,Rectangle,3 minutes,"A hovering large, rectangle-shaped object with lights over the 150th St. area just south of Dodge Exprsswy",10/30/2012
9/26/12 20:45,Omaha,NE,Diamond,5-10 minutes,"3 slow moving, diamond shaped crafts flew in a strait line from N to S over the city.",10/30/2012
9/22/12 6:30,Omaha,NE,Cylinder,30 minutes,I saw a bight light that appeared to follow me from south Omaha to west Omaha on Satruday 9/22/2012,9/24/2012
9/10/12 21:00,Omaha,NE,Unknown,15 minutes,50 lights in sky over 72nd street attached to black silhouette.,1/10/2014
8/23/12 10:00,Omaha,NE,Circle,1 minute,An orange glowing ball the size of the moon was moving across the sky and split in to two and took off into the night sky!,9/24/2012
8/18/12 21:30,Omaha,NE,Light,5 minutes,Unidentified orange lights observed over West Omaha.,9/24/2012
7/28/12 16:07,Omaha,NE,Teardrop,2 seconds,"Four fast moving tear drop shaped objects high up over Omaha,NE.",8/5/2012
7/4/12 19:30,Omaha,NE,Fireball,2 minutes,First time seeing a UFO in the Daytime!,8/5/2012
6/30/12 15:00,Omaha,NE,Sphere,3 minutes,"Metallic, green sphere hovering in the sky in the daytime just south of the Dodge Street Exprsway, Omaha, NE",8/5/2012
6/12/12 4:00,Omaha,NE,Light,1 hour,"Omaha,Nebraska eye witness sighting orange and red light that flashed white light small red lights flew over and two red lights flew",6/14/2012
5/28/12 21:20,Omaha,NE,Circle,21:45,Red glowing light seen over West Omaha sky evening of 05/28/2012,5/29/2012
5/28/12 10:00,Omaha,NE,Circle,2 minutes,East to west movement of a circular obj. reddish orange light...this object shot upwards twords outerspace....then returned for another,5/29/2012
5/22/12 22:30,Omaha,NE,Light,30mins,Bright lights moving across the sky.,5/29/2012
5/19/12 22:30,Omaha,NE,Other,5 min,4 objects flying into storm,5/29/2012
4/11/12 8:20,Omaha,NE,Circle,10sec,There was a lighting that was coming down and then stopped and dissappered in mid air.,5/13/2012
10/16/11 19:30,Omaha,NE,Unknown,3 min approx,"reddish orange lights traveling in same path from Northwest to South in Omaha, NE",10/19/2011
10/8/11 0:15,Omaha,NE,Teardrop,2 seconds,A translucent helicopter shaped craft flew under the cloud covered skies for a moment and then was gone.,10/10/2011
9/30/11 21:48,Omaha,NE,Chevron,1 minute,"Boomerang shape, color hard to describe like hard mist",10/10/2011
9/12/11 21:15,Omaha,NE,Triangle,1 minute,Very fast triangle type object,10/10/2011
7/4/11 22:00,Omaha,NE,Circle,10 minutes,"The object was moving abnormally, with orange rectangular lights around the sides of it that went dim and then very bright.",8/21/2011
6/5/11 22:11,Omaha,NE,Triangle,5 to 8 seconds,This is the second time I and my friend seen this object the first one was in April can't remember the exact date and the one I saw yes,6/8/2012
5/17/11 17:20,Omaha,NE,Triangle,20 minutes,Triangle Object,12/12/2011
2/21/11 18:48,Omaha,NE,Disk,2 minutes,Bowl or saucer shaped craft in a playground,2/23/2011
11/27/10 19:42,Omaha,NE,Light,2 minutes,Four orange objects flying in East sky from South to North.,1/5/2011
11/8/10 6:55,Omaha,NE,,3 min,brighter then every star and planet then slowly dimmed to nothing,11/21/2010
10/17/10 20:35,Omaha,NE,Fireball,0:01,Omaha NE I'm can't be the only one who saw this!!!,11/21/2010
9/28/10 11:00,Omaha,NE,Sphere,34 seconds,"Weird boomerang releases spheres, lights. ((NUFORC Note: We do not know if this is intended as a serious-minded report. PD))",11/21/2010
9/19/10 21:00,Omaha,NE,Fireball,3 minutes,Red light over NW Omaha moving south to north before fading away completely.,11/21/2010
9/12/10 20:48,Omaha,NE,Light,15-20 seconds,Bright white light crossing the sky,11/21/2010
8/26/10 21:10,Omaha,NE,Light,3min,Bright white light moves across sky towards the north then turns east,8/30/2010
8/13/10 23:58,Omaha,NE,Fireball,2 Minutes,"Orange Ball brightness of street light, low altitude, no sound, heading West then South, slow, lost visual.",8/24/2010
8/4/10 22:30,Omaha,NE,Unknown,3 Min,Fireball moving from north to south over downtown Omaha,8/7/2011
7/16/10 20:53,Omaha,NE,Circle,5 seconds,Bright orange circle object heading North behind clouds.,7/19/2010
7/4/10 21:00,Omaha,NE,Circle,10-15 min,Orange lights over Omaha Nebraska. Not fireworks!,7/6/2010
6/11/10 23:28,Omaha,NE,Light,15-20sec,bright light moving fast and just dissappeared,6/23/2010
5/3/10 21:17,Omaha,NE,Diamond,4 mins,Walking on the South campus of the University of Nebraska at Omaha. Was chased by Diamond shaped UFO which was approaching towards me.,5/12/2010
2/19/10 1:20,Omaha,NE,,5 seconds,I was taking my two dogs out for the last time in a lightly tree covered dog run behind my apartment complex garages when I saw a giant,4/13/2010
11/2/09 21:00,Omaha,NE,Light,About 30 seconds,"I was looking up at around 23:00 northwards, and saw what appeared to be a rainbow-colored, as in changing colors, up in the sky. It st",12/12/2009
10/31/09 20:00,Omaha,NE,Sphere,3 minutes,Strange orange orb on 10/31,12/12/2009
9/1/09 12:00,Omaha,NE,Sphere,2-4 mins,Ufo right above tree 50-80 foot.,9/9/2013
8/18/09 18:45,Omaha,NE,Cigar,30 seconds,"A white aircraft, almost resembling a commercial airliner, vanished before my eyes. The aircraft did not posess normal characteristics.",8/27/2009
6/19/09 21:45,Omaha,NE,Changing,20-25 seconds,"Willowcreek Park, Omaha, UFO sighting - June 19, 2009",8/5/2009
12/3/08 15:00,Omaha,NE,,minutes,object/lifeform floating silently in our house glided into next room,1/5/2011
11/22/08 18:10,Omaha,NE,Light,1 minute,"Bright white light turned red and dissappreaed, later a ""wave"" of small lights from the same spot",1/10/2009
8/17/08 14:00,Omaha,NE,Unknown,10 minutes,((HOAX??)) Beautiful sunny day with a lot of clouds; noticed that a certain cloud was a little out of place.,4/15/2016
2/29/08 12:00,Omaha,NE,Light,4 hours,Star Light resembling craft in formations of 3 and huge megaship over Standing Bear.,3/4/2008
12/28/07 23:19,Omaha,NE,Circle,few seconds,"Green speedy circle over 100th Street and I-80 in Omaha, NE travelling east bound",3/4/2008
11/8/07 22:00,Omaha,NE,Formation,,"main object which formed small cluster/moved and changed rapidly. red, bright pink. blue. ((NUFORC Note: Possibly Sirius?? PD))",1/21/2008
11/2/07 23:52,Omaha,NE,Other,10 Minutes,"Wishbone frame over southwest Omaha, emerging from clouds.",11/28/2007
10/9/07 23:05,Omaha,NE,Triangle,45 seconds,"""V"" shaped pattern of 10-12 white lights, moving south in omaha NE",11/28/2007
10/5/07 23:45,Omaha,NE,Light,35 seconds,Bright light over west Omaha at 11:45pm Oct. 5th.,11/28/2007
4/4/07 16:53,Omaha,NE,Flash,1 minute,"Silver Object/Flash Appears in Sky- Disappears, then Reappears",4/27/2007
4/2/07 6:35,Omaha,NE,Circle,1 minute,I saw a semi-circular object with bright yellowish/orange lights that rapidly flew away in Omaha.,4/27/2007
12/8/06 6:15,Omaha,NE,Sphere,60 -80 seconds,Silver ball hovering over street/ shot up,12/14/2006
10/13/06 21:15,Omaha,NE,Light,25sec.,Group of very dim lites-moving North to South NO shape was defined!!!,10/30/2006
10/4/06 1:00,Omaha,NE,Flash,ongoing,white flashes and red laser beams,12/7/2006
9/4/06 21:30,Omaha,NE,Light,1 minute,White light flies over Omaha,10/30/2006
8/20/06 22:12,Omaha,NE,Unknown,4-5min.,10:05p.m.in driveway witnessed strobing red/white lights moving from n.w to east in manner unlike no aircraft,10/30/2006
7/4/06 22:00,Omaha,NE,Light,15 mins,VERY similar observation as Standing Bear Park from March 4th,3/31/2008
5/6/06 23:00,Omaha,NE,Triangle,2 minutes,"Triangular-shaped, low-flying aircraft hovering over Omaha city street.",5/15/2006
5/2/06 1:00,Omaha,NE,Oval,2 Hours,Troubles With Unexplained Laser Beams,5/15/2006
4/7/06 23:45,Omaha,NE,Triangle,15 minutes,UFO seen as low as 65 feet!!!!!!,5/15/2006
8/5/05 22:44,Omaha,NE,Light,3-4 minutes,Apparent intercept of unidentifed 'satellite' by second object.,9/2/2005
4/7/05 21:00,Omaha,NE,Diamond,25 minutes,Diamond shape craft above the horizon.,7/13/2005
3/31/05 13:00,Omaha,NE,Disk,30 Seconds,White disc sighted while driving in Omaha.,4/16/2005
3/27/05 0:00,Omaha,NE,Fireball,2 seconds,day-glo fireball,4/16/2005
10/9/04 22:00,Omaha,NE,Triangle,about 3 minutes,Three white lights in a triangle formation moving west over Omaha,10/27/2004
9/15/04 21:00,Omaha,NE,Sphere,12 sec,((NUFORC Note: Possible satellites?? PD)) A star like object that grew bright white and or Amber.,5/24/2005
7/30/04 0:25,Omaha,NE,Light,2-3 sec.,Man witnesses orange ball of light pass across the disc of the Moon.,8/11/2004
5/31/04 22:15,Omaha,NE,Unknown,10 min,"Possible Explination for Lincon, and Omaha, NE sightings",6/4/2004
5/23/04 20:31,Omaha,NE,Oval,5 min.s,ufo spotted near hospital during labor and tornados.,5/15/2006
5/14/04 23:15,Omaha,NE,Sphere,5-6 secinds,Omaha green sphere with tail,6/4/2004
3/25/04 19:00,Omaha,NE,Formation,20 min,Air Traffic Controller receives a report from airline pilot of UFO's,3/28/2004
3/9/04 23:10,Omaha,NE,Triangle,30 seconds,HUGE TRIANGULAR OBJECT PASSED SILENTLY OVER MY HEAD,3/17/2004
9/15/03 21:02,Omaha,NE,,2-4 Seconds,Observed bright object increase in luminosity and fade(like explosion),9/17/2003
9/3/03 23:30,Omaha,NE,Unknown,20 minutes,"Two unidentifiable crafts ""playing"" over Omaha, that changed color and emitted no sound.",9/9/2003
6/22/03 0:12,Omaha,NE,Formation,45 Seconds,"14 Total Craft (Disc's) sighted, 3 Formations of glowing Disc's, (3) - (5) - (5) and a single one that was reddish",7/16/2003
10/4/02 18:30,Omaha,NE,Cigar,Football game,It was very high in the sky.,10/15/2002
9/12/02 17:30,Omaha,NE,Sphere,1 hour,Stationary object sighted over Omaha days apart.,9/19/2002
9/1/02 21:30,Omaha,NE,Unknown,5 minutes,What a way to start September.,9/6/2002
6/13/02 22:14,Omaha,NE,Light,2 minutes,"Bright, low altitude white light moving accross night sky at medium speed.",7/1/2002
11/18/01 21:00,Omaha,NE,Circle,20 minutes,I was not drinking or anything I know what I saw,12/5/2001
9/21/01 14:30,Omaha,NE,Cigar,05 minutes,"Metallic hovering object seen near Offutt AFB, NE.",10/12/2001
8/29/01 18:00,Omaha,NE,Triangle,30 - 45 seconds,"Black, triangular shaped observed over Omaha in daylight",10/12/2001
4/18/01 21:21,Omaha,NE,Fireball,7 to 10 seconds,BrillianBrilliant green fireball (meteor?) seen arcing toward the ground while moving from the northeast to southeast horizon,4/28/2001
1/19/01 21:15,Omaha,NE,Oval,9.30pm,Circle object with mutiple white light seen on the wext sky over Omaha Ne.,2/18/2001
11/22/00 22:15,Omaha,NE,Triangle,1.5 minutes,"Observation of large, illuminated triangle-shaped craft passing over city as we were traveling to Hospital",12/2/2000
11/18/00 23:59,Omaha,NE,Unknown,10 minutes,"A number of wintnesses driving in the 132nd and maple area on Omaha, ne stopped and pulled over when they say a very very bright fast l",12/2/2000
4/16/00 20:00,Omaha,NE,Fireball,20 seconds,A white ball of light being followed by something that took off at a speed I never knew existed.,2/22/2005
1/26/00 21:11,Omaha,NE,Teardrop,10-15 seconds,Saw a black object move from eastern horizon to the western horizon that seemed to be decending at approx. a 30 degree angle,2/16/2000
12/15/99 20:00,Omaha,NE,Circle,<1 minute,Dark brown circular object flew silently South-Southeast.,1/7/2000
7/10/99 7:20,Omaha,NE,Teardrop,10-15min,"Hovering teardrop type shape with vertical ""smokestack"" coming out of top, Driving west on I-80, witnessed it dissapear.",7/14/1999
6/15/99 12:00,Omaha,NE,Fireball,,"I am 15 years old I think I was around 9 at the time of the sighting. Anyway, it was in the day time and me my friend and their mom we",5/24/2005
5/27/99 3:00,Omaha,NE,,morning,I was outside and I saw some flickering outside i couldent tell what it was though i stood thee for 25 mins.,6/23/1999
7/28/98 10:56,Omaha,NE,Triangle,15 seconds,Craft looked like a triangle in cind of a pivot so that what I think was the back. Craft allso looked as if it was engulfed in light,11/21/1998
7/1/97 15:20,Omaha,NE,Disk,1 minute,UFO sighted in plain daylight cruising at low altitudeand without audible sound in Omaha.,1/28/1999
8/16/95 20:00,Omaha,NE,Disk,5minutes,6 witness saucer gliding over building at close range,2/14/2006
6/13/95 18:00,Omaha,NE,Disk,10 min,There was not a sound when i was looking at the object or when it left the area as it dissapered,7/5/2005
4/10/93 17:30,Omaha,NE,Egg,30 seconds,An egg-shaped white light with a red tail crossed a clear sun-lit sky.,12/2/2000
7/1/91 21:00,Omaha,NE,Disk,6-10 minutes,"Silver disk flies level across sky, at low altitude, before dusk.",6/24/2016
8/8/90 23:08,Omaha,NE,Other,89 seconds,the stealth ufo using antigravitic technoligies,4/13/2010
6/10/88 22:30,Omaha,NE,Oval,5-8min,U.F.O hovering over trees in Nebraska,6/12/2008
10/15/82 21:00,Omaha,NE,Disk,2 minutes?,"The saucer was flying high, with no sound and several lights. It passed overhead.",12/2/2000
7/15/80 22:00,Omaha,NE,Oval,2 second,Very fast moving object!!!!!!!!,8/14/2007
1/1/80 2:00,Omaha,NE,Other,24 yrs,Dreams,6/4/2004
8/1/79 22:00,Omaha,NE,Triangle,2 minutes,"Multiple triangle-shaped, silver objects in night sky.",11/21/2010
5/15/79 20:00,Omaha,NE,Triangle,30 seconds,"Silvery, triangular objects at low altitude.",7/23/2000
11/25/76 23:00,Omaha,NE,Rectangle,"seemed like 1 minute, but","White rectangular ""door"" opens in night sky, emiting orange beam of light",10/31/2003
3/1/69 0:00,Omaha,NE,Oval,thirty seconds,"Football shaped glowing orange light drifts straight across sky, west to east, to the top of a very tall TV tower and then disappears",12/12/2011
5/12/68 21:00,Omaha,NE,Disk,15-20 minutes,"Disk-shaped UFO with dome under perfectly clear conditions at less than 100 feet altitude, motionless.",9/2/2005
5/1/66 3:00,Omaha,NE,Cigar,unkwown exact duration,Possible abduction level 3 encounter,2/14/2008
7/1/64 20:00,Omaha,NE,Disk,10 minutes,"At dusk, we saw a saucer-shaped object that hovered silently for 5 minutes, then darted out of sight",4/16/2005
1/25/64 20:30,Omaha,NE,Sphere,5 min.,"Observing the first orbits of Echo 2 radar-reflective satellite through a 50 power telescope, I saw a ""lesser light"" perhaps spherical,",1/5/2011
7/6/99 22:00,Omaha (~ 60 mi. NW of),NE,Triangle,5 minutes,Triangular object observed,4/13/2010
3/16/00 13:05,Omaha (72nd & State street,NE,Cigar,2 minutes,"Returning to work, observed what appeared to be a missle which traveled exceptionally slow.",3/16/2000
10/15/90 21:00,Omaha (LaVista/Ralston),NE,Cigar,5 min,"Cigar shaped object flying level at about 750ft. Has fiery tail, triangular windows, fighter escort ...was called space junk by",9/29/2004
5/25/04 14:00,Omaha (near),NE,Cone,1min 15sec,Storm chaser witnesses red and white cone over Nebraska field.,6/23/2004
11/20/03 18:00,"Omaha (outside of, near I-80/Westbound)",NE,Triangle,20 min,Triangle shape craft with multiple lights underneath hovering around I-80,11/26/2003
5/23/11 21:30,Ord,NE,Sphere,1hr-1.5hr,The red spheres dimmed and dissappeared only to be followed by more red lights appearing and staying staying stationary in the sky but,5/29/2011
11/1/08 10:05,Osceola,NE,Cigar,30 sec,"me and my brother were driveing down a gravel road when we seen this object, and aour car turned off, i have seen several other ocasion",1/10/2009
7/15/06 13:30,Osmond,NE,Oval,20minutes,"oval shape, bright blue in color with a flashing white light on one end only and silent, able to hover.",2/1/2007
7/1/58 4:48,Osmond (near; on a farm),NE,Unknown,unk,"Strange lights, no sound, spotlight like thing shining down on us.",1/10/2014
6/23/09 2:30,Otoe,NE,Light,unknown,it was blinking at 2:30am then it stopped just a bright light hovering in the sky.,8/5/2009
4/15/68 2:00,Overton,NE,Oval,3 min,blue object near offramp on I 80...electro-effects to car,9/2/2005
8/4/10 1:00,Palisade,NE,Light,unknown,Odd point of light seen in clouded sky,8/24/2010
9/28/17 18:28,Papillion,NE,Circle,60 minutes,UFO sighting in Papillion Nebraska on 9/28/17,10/5/2017
7/4/12 22:00,Papillion,NE,Circle,45 minutes,Two adults went out on the deck to view neighborhood fireworks. Fireworks were being set off to the north and to the south of the deck.,8/5/2012
1/8/12 20:00,Papillion,NE,Light,15 minutes,20-25 floating lights lasting about 10-15 minutes,1/24/2012
7/4/10 21:00,Papillion,NE,Circle,10 Min,Birght amber-orange fire ball drifting across the sky,7/19/2010
6/23/08 23:10,Papillion,NE,Unknown,seconds,Bright light behind a haze changed from white-ish yellow to blue colors.,7/5/2008
3/20/07 9:00,Papillion,NE,Cigar,30 seconds,Two cigar shapes traveling the same direction and speed and aproximately one mile away.,8/7/2007
12/4/2004,Papillion,NE,Other,3 seconds,"At 9:30 pm a whiteish blue light swiftly flew over my car, and it was to low to be an aircraft, and it made no noise",12/14/2004
6/14/04 20:30,Papillion,NE,Rectangle,35 minutes,"Unusual rectangular green ""bi-wing"" object observed for 30 minutes.",6/18/2004
8/3/02 22:15,Papillion,NE,Light,10-15 secs,Observed unusually bright object moving in conventional orbital pattern but not listed in online satellite resource.,8/16/2002
6/9/02 17:00,Papillion,NE,Cigar,3 min,"Chrome-like cigar w/ wings, quiet, low flying in unusual flight pattern, with no identification markings.",6/12/2002
8/12/97 21:57,Papillion,NE,Light,2-5 seconds,"Me, and two of my friends were outside late tuesday night, when we saw five lights in a pentagon shape. The lights started moving slowl",1/28/1999
7/5/93 20:00,Papillion,NE,Rectangle,5 or 6 minutes,unexplained craft,2/24/2005
11/3/16 2:00,Pawnee County (location unspecified),NE,Circle,6:00,"Alternating colors flashing sphere seen in early morning sky. ((NUFORC Note: Possibly a ""twinkling"" star? PD))((anonymous report))",11/11/2016
9/25/58 19:00,Phelps County (rural area),NE,Disk,3 to 5 min,"Big object approached across field at dusk, stopped nearby, then abruptly flew off. ((NUFORC Note: Two witnesses. PD))",12/7/2006
11/29/94 18:00,Phillips,NE,Light,10 minutes,Silent bright multicolored object moved at high speed stopping abruptly to change direction. shot straight up into upper atmosphere,1/30/2014
12/23/11 16:45,Plattesmouth,NE,Unknown,10 mins,Falling objects or debris over Plattesmouth Nebraska,1/12/2012
3/5/10 21:00,Plattsmouth,NE,Light,3-4 mins,Orange sphere by platte river,4/13/2010
9/20/09 15:14,Plattsmouth,NE,Cigar,2 mins,Pod or cigar shaped craft over plattsmouth,12/12/2009
10/3/07 14:30,Plattsmouth,NE,Fireball,3 Seconds,"While I was driving north towards Plattsmouth, NE, between 2:30 and 3:30PM, I looked up to about 1:00 in the sky and saw a big, bright",10/8/2007
11/21/97 12:00,Plattsmouth,NE,Circle,,((HOAX??)) White lights spinning in a circle,3/13/2012
12/23/91 19:00,Pleasanton,NE,Sphere,7 minutes,"Small orange fluorescent object seen S in distance, disappears, then rushes vehicle in northerly direction, narrowly missing windshield",1/28/1999
9/14/12 22:00,Ponca,NE,Cylinder,5-6 seconds,It was cylindrical and kept changing color,11/19/2012
8/1/65 1:30,Potter (11 mi. north of),NE,Unknown,20 Minutes,"I will never forget this night.............a friend and I was arrived home (11 miles north of Potter, Nebraska) and saw lights over our",1/10/2009
11/9/13 21:00,Ralston,NE,Chevron,10 seconds,"Gray, low flying V object with no lights, no sound on a clear night with no clouds",11/11/2013
7/5/07 20:00,Ralston,NE,Light,10 minutes,Ten starlike objects seen in daylight just s of Omaha - most stationary but some moved various directions,8/7/2007
12/18/07 19:20,Randolph,NE,Formation,5 seconds,Two witnessees saw 3 bright incandescent colored balls of light in NorthEast Nebraska.,3/4/2008
11/27/16 0:07,Raymond,NE,Circle,Few seconds,Bright circular light moving from Raymond to Lincoln in split seconds before disappearing.,12/5/2016
8/15/01 22:00,Red Cloud (rural),NE,Light,30 seconds,intense white light illuminates cab of car out in the country,12/16/2005
5/28/14 13:00,Reno,NE,Sphere,20 minutes,Bright spherical light at 11:00 in clear blue sky. Nearly stationary but upon careful observation it was moving from west to east.,6/4/2014
3/31/15 4:50,Richlands,NE,Sphere,1 minute,I was on my way to work traveling northwest on Highway 24/258 and the sky was clear. I saw a white globe travel through the sky just a,4/17/2015
10/24/07 21:35,Roca,NE,Rectangle,30 minutes,"((HOAX??)) This made me an alcoholic. ((NUFORC Note: Because of the profanity in the original version, we suspect a hoax here. PD))",11/28/2007
4/25/98 22:30,Roca,NE,Triangle,20 min.,My friend and I saw a triangular shaped craft. It hovered for about ten minutes and then started moving.,1/28/1999
8/1/02 21:00,Rural Dixon County,NE,Rectangle,5mins Each Time,Flying Semi Tractor?,3/2/2004
10/18/98 18:00,Sandy Valley,NE,Light,4 days,"these lights flew folowing me and a freind,one of them actually liked to run right in to us.i also see a alien,ill never forget that,to",4/2/1999
11/2/08 19:40,Sarpy County,NE,Unknown,2-3 minutes,"Dim and Bright yellowish orange light in the sky, then disappeared !",1/10/2009
11/8/12 23:00,Scotts Bluff,NE,Light,1 second,Green beam of light west to east,11/19/2012
5/31/12 12:00,Scottsbluff,NE,Unknown,don't know,"My friend and I visited Scott’s Bluff in Scottsbluff, Nebraska about noon on May 31, 2012. We took some pictures of both north and",6/5/2012
9/13/11 22:15,Scottsbluff,NE,Light,10 - 20 seconds,"Fast moving UFO with 90 degree right turn around Scottsbluff, NE",10/10/2011
8/31/09 0:05,Scottsbluff,NE,Flash,30 seconds,Bright flash of light followed by trail.,12/12/2009
1/31/09 10:30,Scottsbluff,NE,Changing,1-2 minutes,"Black, liquid mercury, shape changing object which can move at amazing speed, stop at amazing speeds to hover",3/19/2009
8/18/06 21:10,Scottsbluff,NE,Light,1½ min.- 2½ mins,Western Nebraska white-blue round light,10/30/2006
7/17/03 2:00,Scottsbluff,NE,Other,30 minutes,"When attempting to photograph ""stars"" next to the moon, we captured something entirely different with almost perfect geometric shapes.",7/23/2003
1/15/77 20:10,Scottsbluff County (rural; western),NE,Chevron,"30+ seconds, <60","Popped up over hill out of nowhere, bright lights flashing",1/11/2002
8/31/14 22:30,Scribner,NE,Teardrop,1 second,Round metal craft with red light trail flew across highway 50 feet in front of moving car at just above windshield height.,9/5/2014
6/15/03 21:30,Sidney,NE,Other,10-15 seconds,A gelatinous lighted object in the midwest,4/14/2009
11/8/10 21:30,Silver Creek,NE,Light,2 min,Red-blue light over Silver Creek Nebraska stopped and changed direction,11/21/2010
9/25/13 1:00,South Sioux City,NE,Sphere,4 hour,Bright lite over work showed co workers.,9/30/2013
9/24/13 18:00,South Sioux City,NE,Sphere,1.5 hours,The sphere is best described as a perfect pearl. ((NUFORC Note: Lens flare?? We await other reports. PD)),9/30/2013
11/20/08 19:04,Spalding,NE,Formation,1 min,"Many lights in the sky seen outside of Spalding, NE.",1/10/2009
6/15/84 0:30,Spalding,NE,Light,1 hour,"Observed bright light at close range, amasing movement, then hovered and my vehicle quit and lost all electrical system.",2/18/2001
5/19/09 23:45,Springfield/Papillion,NE,Circle,1 minute,"A large object was seen by myself and two witnesses, about the size of an airplane but behaving in a way that would suggest it was not.",6/9/2009
8/24/04 22:00,Springview,NE,Light,20 minutes,"Orange and white lights, moving quickly horizontally",9/1/2004
3/28/01 21:00,Springview,NE,Unknown,10mn.,"We watched it for 10 to 15 minutes,it went to the east,appeared to be very large,or there was more than one",4/28/2001
10/28/10 19:50,Stanton,NE,Light,30-45 seconds,I saw an amzingly bright light in the night sky and then it disappeared.,11/21/2010
11/15/83 23:30,Sutherland,NE,Other,15 Minutes,"Strange Craft sited, just hung in the air, gray black in color. emitted a winning sound.",11/26/2003
2/4/12 7:30,Tecumseh,NE,Triangle,5 minutes,Triangular shaped craft,5/13/2012
9/15/80 22:00,Tekamah,NE,Unknown,5 -8 min,"Standard running light, hovers, flies slow, climbs fast and absolutely no sound and no jet engines flames.",8/24/2010
3/15/85 14:30,Unadilla,NE,Cigar,20 seconds,Cigar shaped object flying above cirrus clouds,2/14/2008
10/29/00 23:50,Unadilla (rural area (farm) near),NE,Triangle,2-3 minutes,"Powerful-sounding mystery craft hovers over farmhouse, with its vibrations knocking over objects inside.",8/16/2002
7/14/10 23:50,Valentine,NE,Triangle,2 minutes,Black Triangle 100 feet above my head.,3/11/2016
3/26/01 21:00,Valentine,NE,Cigar,5 minutes,"extremely large cigar shaped craft, i'd say at least 200 yards long, 2 flashiing lights on each end.",4/1/2001
10/15/11 9:30,Valley,NE,Light,15 mins,hanging star comes back every few nights,10/25/2011
4/24/12 23:00,Valley-Omaha,NE,Fireball,20 minutes,UFO personal encounter.,12/20/2012
9/20/03 20:30,Venice,NE,Other,Several minutes,"Large, flying ""T"".",9/24/2003
8/24/03 3:30,Venice,NE,Flash,3 seconds,Flash explanation,11/9/2004
8/24/03 3:30,Venice,NE,Light,3 secs,"A BRIGHT YELLOW BURST of light 3"" in diameter - then a small white light",8/28/2003
11/14/81 19:30,Wahoo,NE,Cigar,~1 minute,"Green neon saucer rose from behind trees to the left, rocked back and forth then accelerated over highway to west then vanished.",7/3/2015
9/15/61 20:00,Wahoo,NE,Egg,5 minutes,"Egg shaped craft near Wahoo, NE",2/1/2007
6/13/09 20:15,Waterloo,NE,Other,30 seconds,"I saw, just above the tree line, a hovering object, probably a half mile a way. I slowed down my car...",8/5/2009
7/3/11 22:30,Waverly,NE,Light,4 minutes,Very bright orange objects,7/4/2011
9/13/05 19:45,Waverly,NE,Light,approx. 5 min,bright ufo passes military plane,10/11/2005
11/12/98 21:00,Waverly,NE,Fireball,2-3 seconds,"Large, bright green fireball",11/19/1998
9/24/02 23:50,Wayne,NE,Sphere,2 minutes,"Bright, sphere shaped light that seemed to float back and forth, then disappeared.",9/28/2002
2/26/02 14:00,Wayne,NE,Teardrop,1 hour,"I looked in the sky, and there were 8 silver, teardrop shaped objects floating over a field. They flashed in and out of view, and seeme",3/19/2002
9/30/07 17:30,West Point,NE,Cigar,1 Second,Cigar Shaped UFO Flying Into a Storm Cloud,10/8/2007
9/19/03 20:00,West Point,NE,Light,15 to 20 min,strange orange lights in the night sky,10/31/2003
7/9/10 22:00,Winnebago,NE,Cross,2 minutes,Bright white shaped cross moving east then up,7/10/2010
10/25/07 19:50,Wood Lake,NE,Light,few seconds,There where Three lights. Two where side by side and the other was away from the other two. I only seen them for 2 or 3 seconds. The,11/28/2007
1/31/2005,Wood River,NE,Oval,,Bright oval shaped object picking up a cow.,2/8/2005
5/4/17 23:34,York,NE,Fireball,0:18,"A fire ball was moving in the atmosphere while stopping, going, and even changing directions.",5/6/2017
12/7/15 21:15,York,NE,Triangle,1 minute,Large flying V- and T-shaped lights.,12/10/2015
7/3/15 22:30,York,NE,Light,3 minutes,"Two flickering orange objects sighted twice over in 1.5 hours time over York, Nebraska.",7/6/2015
6/28/12 22:15,York,NE,Fireball,app 1 minute,Large round red silent light,7/4/2012
8/15/87 1:30,,NE,Triangle,45 sec,Warm late summer. Two members of military witness strange aerial object; turns out to be secret F-117 stealth fighter.,4/27/2004